<?xml version="1.0" encoding="ISO-8859-1"?>

<project 
    name="Apache Struts Web Application Framework"
    href="http://jakarta.apache.org/struts"
    image="images/struts.gif">

    <title>Apache Struts Web Application Framework</title>

    <menu name="FAQs">
        <item 
            href="kickstart.html" 
            name="Kickstart"/>
        <item 
            href="newbie.html" 
            name="Newbie"/>
        <item 
            href="helping.html" 
            name="How to Help"/>
    </menu>

    <menu name="Howto Guides">
        <item 
            href="actionForm.html" 
            name="Action Forms"/>
        <item 
            href="apps.html" 
            name="Building Apps"/>
        <item 
            href="database.html" 
            name="Database"/>
        <item 
            href="indexedprops.html" 
            name="Indexed Properties"/>
        <item 
            href="ssl.html" 
            name="SSL"/>
    </menu>

    <menu name="IDE Guides">
        <item 
            href="eclipse.html" 
            name="Eclipse"/>
        <item 
            href="netbeans.html" 
            name="Netbeans"/>
    </menu>

    <menu name="Quick Links">
        <item 
            name="Welcome"                 
            href="../index.html"/>
        <item 
            name="News and Status"         
            href="../news/index.html"/>
        <item 
            name="Resources"         
            href="../resources/index.html"/>
        <item 
            name="User and Developer Guides" 
            href="../userGuide/index.html"/>
        <item 
            name="FAQs and HowTos *"         
            href="index.html"/>
    </menu>

</project>






