<?xml version="1.0"?>
<document>

  <properties>
    <author email="craigmcc@apache.org">Craig McClanahan</author>
    <author email="mcooper@apache.org">Martin Cooper</author>
    <author email="husted@apache.org">Ted Husted</author>
    <author email="Joe@germuska.com">Joe Germuska</author>
    <author email="james@jamesholmes.com">James Holmes</author>
    <title>New and Status - Jakarta Struts</title>
  </properties>

<body>

<section name="News" href="news">

<!--
<h3><a name=""></a></h3>
<p><a href=""></a></p>
<hr size="1" noshade=""/>
-->

<h3><a name="20020830"></a>30 Aug 2002 - Struts book moves ahead</h3>
<p>The publication date for Developing Web Applications with Struts by Ted Husted, Cedric Dumoulin,
George Franciscus, and David Winterfeldt (Foreword by Craig R. McClanahan) has been advanced to October 2002.
Details about the book are available at Ted Husted's Struts site
</p>
<p>
<a href="http://husted.com/struts/book.html">http://husted.com/struts/book.html</a>
</p>
<p>
Several other Struts books are slated for release. Links are available on the Struts Resource page
</p>
<p>
<a href="http://jakarta.apache.org/struts/resources/books.html">http://jakarta.apache.org/struts/resources/books.html</a>
</p>
<hr size="1" noshade=""/>

<h3><a name="20020831.4"></a>30 Aug 2002 - MockObjects 0.4 released</h3>
<p>Unit testing is a hot topic among Struts developers. <a href="ttp://strutstestcase.sourceforge.net/">StrutsTestCase</a> provides a slick mock object for testing Struts Actions with JUnit (or Cactus). The MockObjects projects provides a base API for creating tests for the rest of the objects in your Java application. </p>
<p><a href="">http://mockobjects.sourceforge.net</a></p>
<p>
Developers working with the MockObjects project include Struts committers Vincent Massol and Ted Husted.
</p>
<hr size="1" noshade=""/>

<h3><a name="20020830.2"></a>30 Aug 2002 - Artimus 1.0 beta 2 available</h3>
<p>Artimus is a sample Struts application for posting news articles that uses JDBC, Lucene, and the Scaffold toolkit.</p>
<p>Artimus may be downloaded from the Struts Example Application site on SourceForge </p>
<p><a href="http://sourceforge.net/projects/struts">http://sourceforge.net/projects/struts</a></p>
<p>Other developers with example applications that they would like to donate to the community are invited to join the Struts Sourceforge site.</p>
<hr size="1" noshade=""/>

<h3><a name="20020830.1"></a>30 Aug 2002 - Struts Console v2.1.1</h3>
<p>Struts Console version 2.1.1 is now available.
</p>
<p>
<a href="http://www.jamesholmes.com/struts/">http://www.jamesholmes.com/struts/</a>
</p>
<p>
Struts Console version 2.1 is now available.
<a href="http://www.jamesholmes.com/struts/">http://www.jamesholmes.com/struts/</a>
</p>
<p>
Download Now:<br/>
<a href="http://www.jamesholmes.com/struts/struts-console-2.1.zip">http://www.jamesholmes.com/struts/struts-console-2.1.zip</a><br/>
  -- OR --<br/>
<a href="http://www.jamesholmes.com/struts/struts-console-2.1.tar.gz">http://www.jamesholmes.com/struts/struts-console-2.1.tar.gz</a><br/>
http://www.jamesholmes.com/struts/struts-console-2.1.tar.gz
</p>
<p>
Struts Console is FREE software.
</p>
<p>
This release is a bug fix release and does not
introduce any new functionality.
</p>
<p>
Changes with Struts Console v2.1.1
</p>
<p>
  *) Fixed bug where "role" attributes weren't being
     loaded on the Definition panel.
</p>
<p>
  *) Fixed bug where "initial" attribute of the
     &lt;form-property> element couldn't be changed once
     it had been set.
</p>
<hr size="1" noshade=""/>

<h3><a name="20020830.3"></a>28 Aug 2002 - Easy Struts 0.5.2 for Eclipse</h3>
<p>
Easy Struts 0.5.2 available (Only Eclipse plugin), I make a little demo for you, this demo require
Flash 5 and show you some functionality from Easy Struts Editor in Eclipse. Enjoy ;)
</p>
<p>
Demo : http://easystruts.sourceforge.net/editor.html (4Mo, be patient)
</p>
<p>
- [NEW] Add error and warning controls on struts-config.xml editor<br/>
- [NEW] Possibility to generate classes from struts-config.xml
        With this feature, you can "generate" an Struts application
        skeleton with only a struts-config.xml file.<br/>
- [NEW] Add view of java classes in Struts config tree.<br/>
- [FIX] Some bug fix, more info on http://easystruts.sourceforge.net/CHANGES.TXT
</p>
<p>
<a href="http://easystruts.sourceforge.net">http://easystruts.sourceforge.net</a><br/>
<a href="http://sourceforge.net/projects/easystruts">http://sourceforge.net/projects/easystruts</a>
</p>
<hr size="1" noshade=""/>

<h3><a name="20020826"></a>26 Aug 2002 - Struts Workflow Extension Package V0.9.1</h3>
<p>The Bugfix-Version 0.9.1 of the Struts Workflow Extension Package is now available.</p>
<p>It fixes a bug in the test application's web.xml file, some users have stumbled over.</p>
<p>Also the web site <a href="http://www.livinglogic.de/Struts/">http://www.livinglogic.de/Struts/</a> has been updated to describe how to use the extension together with Struts 1.1.</p>
<hr size="1" noshade=""/>

<h3><a name="20020822"></a>22 Aug 2002 - Easy Struts Editor 0.5.1 for Eclipse</h3>
<p>
Re-Hello, I fix some bugs from Easy Struts 0.5. Here the changes:<br/>
  - [FIX] When element removed from Editor UI, elements wasn't removed in xml source.<br/>
  - [FIX] Synchronization with Easy Struts wizards when editor is open.<br/>
  - [FIX] When editor is re-open (after closed), struts-config.xml was in read only mode.<br/>
  - [FIX] Some editor bugs... I include some screenshots:<a href="http://easystruts.sourceforge.net/editor.html">http://easystruts.sourceforge.net</a><br/>
</p>
<hr size="1" noshade=""/>

<h3><a name="20020820"></a>20 Aug 2002 - Struts Console v2.1</h3>
<p>
Struts Console version 2.1 is now available.
<a href="http://www.jamesholmes.com/struts/">http://www.jamesholmes.com/struts/</a>
</p>
<p>
Download Now:<br/>
<a href="http://www.jamesholmes.com/struts/struts-console-2.1.zip">http://www.jamesholmes.com/struts/struts-console-2.1.zip</a><br/>
  -- OR --<br/>
<a href="http://www.jamesholmes.com/struts/struts-console-2.1.tar.gz">http://www.jamesholmes.com/struts/struts-console-2.1.tar.gz</a><br/>
</p>
<p>
Struts Console is FREE software.
</p>
<p>
This release adds support for the IntelliJ IDEA IDE,
one of the favorites of many developers.
</p>
<p>
Changes with Struts Console v2.1
</p>
<ul>
<li>
Fixed bug where the "initial" attribute of the
&lt;form-property> element was getting set to blank
when it wasn't specified.
</li>
<li>
Added plugin support for IntelliJ IDEA.
</li>
</ul>
<hr size="1" noshade=""/>

<h3><a name="20020813"></a>12 Aug 2002 - Struts 1.1 Beta 2 Released</h3>
<p>The Struts team is proud to announce the release of Struts 1.1 Beta 2. This
release includes significant new functionality, while retaining full
backwards compatibility with earlier versions of Struts. It also
incorporates fixes for a number of bugs which were reported against earlier
versions.
</p>
<p>
The binary distribution is available at:
</p>
<p>
<a href="http://jakarta.apache.org/builds/jakarta-struts/release/v1.1-b2/">http://jakarta.apache.org/builds/jakarta-struts/release/v1.1-b2/</a>
</p>
<p>
and the source distribution is available at:
</p>
<p>
<a href="http://jakarta.apache.org/builds/jakarta-struts/release/v1.1-b2/src/">http://jakarta.apache.org/builds/jakarta-struts/release/v1.1-b2/src/</a>
</p>
<p>
In addition, the library distribution, which contains updated binaries
without the sample applications, is available at:
</p>
<p>
  http://jakarta.apache.org/builds/jakarta-struts/release/v1.1-b2/lib/
</p>
<p>
Details of the changes in this release are available in the Release Notes,
which can be found here:
</p>
<p>
  http://jakarta.apache.org/struts/userGuide/release-notes-1.1-b2.html
</p>
<hr size="1" noshade=""/>

<h3><a name="20020808"></a>08 Aug 2002 - JPetStore in Scioworks Camino</h3>
<p>
We have recently modified and repackaged the JPetStore application as a
sample application for Camino. It illustrates how Camino's Storyboard can
help Struts developers to visualize the flow of their web-applications.
Visit the following link for details:
</p>
<p>
   http://www.scioworks.net/servlets/ShowPage?pid=29&amp;dp=1
</p>
<p>
About JPetStore: JPetStore from iBatis is a completely rewritten Pet Store
application based on Sun's original J2EE Pet Store. JPetStore uses Struts
as the MVC presentation layer.
</p>
<p>
About Scioworks Camino: Scioworks Camino is a visual modelling tool for
Struts that provides a visual drag-and-connect GUI for rapid development
and re-wiring of web applications, automatically generates code based on
the visual flow of an app, and also features round-trip engineering.
</p>
<hr size="1" noshade=""/>

<h3><a name="20020804"></a>O'Reilly Struts book available for ordering</h3>
<p>The O'Reilly Struts book by Chuck Cavaness, "Programming Jakarta Struts" is
now available for pre-ordering from Amazon.
</p>
<p>
http://www.amazon.com/exec/obidos/ISBN=0596003285/hitchhikeguidetoA/
</p>
<hr size="1" noshade=""/>

<h3><a name="20020803"></a>3 Aug 2002 - Starting Struts User Group in New Jersey</h3>
<p>Is anyone interested in joining?  Looks like we have a group of 3-5 people
already interested. We are thinking about having meetings in the New
Brunswick area. I have made arrangements for website hosting for the group
and have a commitment from Vic Cekvenich at BaseBeans to be a guest
speaker.</p>
<p>I'm not duplicating an already existing group am I?</p>
<p>Anyone interested in participating please contact me at
<a href="mailto:john@eagleinfosystems.com">john at eagleinfosystems.com</a>
</p>
<hr size="1" noshade=""/>

<h3><a name="20020728"></a>28 Jul 2002 - New Howto available on basicportal</h3>
<p>The install instructions for <a href="http://basicportal.sourceforge.net">basicportal</a> now include a
detailed howto for postgresql and poolman usage with basicportal.  Vic has
reorganized the source and we are working towards developing a howto for
basicportal and eclipse.</p>
<p>I'm looking forward to basicportal growing!  We are already talking about
the addition of the shopping cart module.  Next few months will be
interesting.</p><hr size="1" noshade=""/>


<h3><a name="20020730"></a>30 July 2002 - Struts Console version 2.0.1</h3>
<p>
Struts Console version 2.0.1 is now available.
</p>
<ul>
<li><a href="http://www.jamesholmes.com/struts/">http://www.jamesholmes.com/struts/</a></li>
</ul>
<p>Download Now:</p>
<p><a href="http://www.jamesholmes.com/struts/struts-console-2.0.1.zip">www.jamesholmes.com/struts/struts-console-2.0.1.zip</a></p>
<p>-- OR --</p>
<p><a href="http://www.jamesholmes.com/struts/struts-console-2.0.1.tar.gz">www.jamesholmes.com/struts/struts-console-2.0.1.tar.gz</a></p>
<p>
Struts Console is FREE software.
</p>
<p>
This release is a bug fix release and does not introduce any new functionality.
</p>
<p>
Changes with Struts Console v2.0.1
</p>
<ul>
<li>Fixed bug where Tiles editor wasn't properly upgrading config files that had deprecated &lt;put&gt; settings.</li>
<li>Fixed bug where Page Converter was accidentally converting &lt;address&gt; tags when it shouldn't have been.</li>
<li>Fixed bug where Page Converter was not properly converting all &lt;input&gt; tags.</li>
<li>Fixed bug where NetBeans module was not remembering where the Struts Console window was docked.</li>
<li>Fixed bug where JBuilder plugin wasn't properly generating XML output when certain elements were modified.</li>
</ul>
<hr size="1" noshade=""/>



<h3><a name="20020725"></a>25 July 2002 - Easy Struts v0.4.2 for Eclipse / JBuilder</h3>
<p>
Changes 0.4.2
</p>
<ul>
<li>Plugin config and message resources deleted in previous version is now fixed.</li>
<li>Create a new line between attributes if count &gt; 2 in struts-config.xml</li>
<li>Add error header/footer in application resources</li>
<li>fix html in default template (form.est)</li>
</ul>
<p>
Changes 0.4.1
</p>
<ul>
<li>Fix dialog box which appear every time (about update classpath in Eclipse project).</li>
<li>SWTError thrown on Eclipse Linux GTK Platform fix.</li>
<li>JBuilder Error while copying libs/tlds fixed.</li>
<li>Improve Easy Form and Input wizard.</li>
<li>In Eclipse plugin, jdom.jar located in lib\directory.</li>
</ul>
<p>
Project page :
</p>
<ul>
<li><a href="http://easystruts.sourceforge.net/">http://easystruts.sourceforge.net/</a></li>
<li><a href="http://sourceforge.net/projects/easystruts">http://sourceforge.net/projects/easystruts</a></li>
</ul>
<hr size="1" noshade=""/>


<h3><a name="20020724"></a>24 July 2002 - ObjectAssembler 2.0</h3>
<p>
ObjectVenture is pleased to announce the release of ObjectAssembler
2.0, a visual two-way development environment for J2EE applications -
including native support for Struts 1.1. Thanks to all of you who
participated in our open beta!
</p>
<p>
The standard edition, which covers web (JSP/Servlets) and Struts
development, is FREE! You may download it here:
<a href="http://www.objectventure.com/products/objectassembler.html">http://www.objectventure.com/products/objectassembler.html</a>
</p>
<p>
The new user manual is available here (4.5 MB). It includes information
on how to get started with the Struts support.
<a href="http://www.objectventure.com/files/oa/ObjectAssembler-UserManual.pdf">http://www.objectventure.com/files/oa/ObjectAssembler-UserManual.pdf</a>
</p>
<p>
We also have a new support forum here:
<a href="http://support.objectventure.net">http://support.objectventure.net</a>
</p>
<p>NEW FEATURES IN v2.0:</p>
<p>
Standard Edition:
<ul>
<li>Complete Struts 1.1 support, including multiple configuration files.</li>
<li>Import existing Struts configuration files and components.</li>
<li>In addition to JBuilder, ObjectAssembler now integrates with Netbeans and Sun ONE Studio.</li>
<li>New standalone version that is built on Netbeans.</li>
<li>Complete Servlet 2.3 and JSP 1.2 support for visually building components and WARs.</li>
<li>New component types: Struts PlugIn, Struts DynaActionForm, Servlet Filter, and Servlet Lifecycle Event.</li>
<li>Drop any TLD in a certain place (see user manual), and ObjectAssembler will automate and validate the use of its tags in the visual JSP editor.</li>
<li>Create relationships between components.</li>
<li>New User Manual</li>
<li>And more...</li>
</ul>
</p>
<p>
Professional Edition:
<ul>
<li>All Standard Edition features, plus</li>
<li>Complete EJB 2.0 support for visually building components and EJB JARs.</li>
<li>Complete J2EE 1.3 support for visually building EARs</li>
<li>New component type: Message-driven Bean.</li>
<li>Integrated deployment to Weblogic 7.x and HPAS 8.x. More to come!</li>
<li>And more...</li>
</ul>
</p>
<p>
Enterprise Edition:
<ul>
<li>All Professional Edition features, plus</li>
<li>New visual pattern development environment based on XML that supports the open Pattern and Component Markup Language (PCML) effort.</li>
<li>Integrated Sun Java Center pattern catalog.</li>
<li>Import and export pattern catalog archives (CARs).</li>
<li>Real-time HTML documentation of catalogs, patterns, and strategies as you work via XSLT (ships with default templates that you can change).</li>
<li>Apply pattern strategies to components.</li>
<li>Automated code generation from patterns.</li>
<li>See how your applied pattern strategies are mapped to your components.</li>
<li>Real-time validation of patterns and applied pattern strategies.</li>
<li>And more...</li>
</ul>
</p>
<p>
Other features of interest:
<ul>
<li>Visual JSP development</li>
<li>Automated component and assembly (EAR, EJB-JAR, JAR, and WAR) generation with automated handling of accessory files.</li>
<li>Work with your components visually or via the source code editor after generation and the two stay in synch. No black boxes here...</li>
<li>Automated placement of all generated components in the appropriate assemblies (including the default struts configuration).</li>
<li>Import components, including EJBs from a database schema.</li>
<li>Real-time validation of all components and assemblies as you work, including automated corrective actions where appropriate.</li>
<li>And much more...</li>
</ul>
</p>
<hr size="1" noshade=""/>


<h3><a name="20020724"></a>24 July 2002 - JavaPro Struts Tutorial</h3>
<p><a href="http://www.fawcette.com/javapro/2002_07/online/kjones/"><b>Create Better Web Apps with Struts</b></a> by Kevin Jones.</p>
<hr size="1" noshade=""/>

<h3><a name=""></a>23 Jul 2002 - STL (Standard Tags) + Struts (MVC) live web Demo</h3>
<p>If you are starting a Java Web, you should use MVC and Standard tags,
this "kit" is a sample of "best" (at least good) practices.
</p><p>
It is MVC (Struts/Tiles)+JSTL +XSLT+ DAO (Open Source Data Access Object
w/ SQL) + DB CRUD (Create update delete and SQL DLL scripts)+ J2EE
Security ( to make Tomcat run like Apache )
</p><p>
It is KISS (you'll see how simple and how very standard) , good
practices Free Open Source Framework to develop any web app, with the
aim of being 80% of any app, but done as simple as possible and easy to
teach. Again, everything is standard and simple. And it is the fastest,
most efficient way to develop maintainable code I know of.
</p><p>
Samples include CMS (Authorize content, XSLT, CMS Comments, sinkable,
single sign on, etc.),  Issue tracking, + more coming.
</p><p>
Please download and install and see if you want to attend. Details:
<a href="http://basicportal.sourceforge.net">http://basicportal.sourceforge.net</a>
</p><p>
I use it to teach Struts + JSTL public and private classes. I epically
teach WHY you should want to do something in a certain way, not just how.
</p><p>
To attend and see "best practices"
http://www.basebeans.com/webEx.jsp
The seminar requires you know servlets, jsp,  SQL, JDBC, and at least
some MVC. (a plus is if you have already deployed and MVC web app in the
past) Oh...it is $10.00 ( but free to baseBeans clients and/or apache.org
committers.)
</p><p>
To keep in touch on this join "MVC-Programmers" mail list at
http://www.netbean.net/mailman/listinfo/mvc-programmers
</p><p>
To keep in touch with open source projects go to
http://news.netbean.net/cgi-bin/webnews.cgi
</p>
<hr size="1" noshade=""/>


<h3><a name="20020723"></a>23 Jul 2002 - STL (Standard Tags) + Struts (MVC) live web Demo</h3>
<p>If you are starting a Java Web, you should use MVC and Standard tags,
this "kit" is a sample of "best" (at least good) practices.
</p><p>
It is MVC (Struts/Tiles)+JSTL +XSLT+ DAO (Open Source Data Access Object
w/ SQL) + DB CRUD (Create update delete and SQL DLL scripts)+ J2EE
Security ( to make Tomcat run like Apache )
</p><p>
It is KISS (you'll see how simple and how very standard) , good
practices Free Open Source Framework to develop any web app, with the
aim of being 80% of any app, but done as simple as possible and easy to
teach. Again, everything is standard and simple. And it is the fastest,
most efficient way to develop maintainable code I know of.
</p><p>
Samples include CMS (Authorize content, XSLT, CMS Comments, sinkable,
single sign on, etc.),  Issue tracking, + more coming.
</p><p>
Please download and install and see if you want to attend. Details:
http://basicportal.sourceforge.net
</p><p>
I use it to teach Struts + JSTL public and private classes. I epically
teach WHY you should want to do something in a certain way, not just how.
</p><p>
To attend and see "best practices"
http://www.basebeans.com/webEx.jsp
The seminar requires you know servlets, jsp,  SQL, JDBC, and at least
some MVC. (a plus is if you have already deployed and MVC web app in the
past) Oh...it is $10.00 ( but free to baseBeans clients and/or apache.org
committers.)
</p><p>
To keep in touch on this join "MVC-Programmers" mail list at
http://www.netbean.net/mailman/listinfo/mvc-programmers
</p><p>
To keep in touch with open source projects go to
http://news.netbean.net/cgi-bin/webnews.cgi
</p>
<hr size="1" noshade=""/>


<h3><a name="20020718"></a>18 July 2002 - JavaBoutique Struts Tutorials</h3>
<p><a href="http://javaboutique.internet.com/tutorials/Struts/"><b>Stepping through Jakarta Struts</b></a> by Keld H. Hansen.</p>
<p><a href="http://javaboutique.internet.com/tutorials/Struts2/"><b>Coding your second Jakarta Struts Application</b></a> by Keld H. Hansen.</p>
<hr size="1" noshade=""/>


<h3><a name="20020717"></a>17 July 2002 - StrutsTestCase v1.8 Released</h3>
<p>
StrutsTestCase v1.8 improves support for Struts 1.1,
provides several requested enhancements, and fixes many
reported defects.
</p>
<p>
The project home page can be found here:
</p>
<p>
<a href="http://strutstestcase.sourceforge.net">http://strutstestcase.sourceforge.net</a>
</p>
<p>
Notes for this release can be found here:
</p>
<p>
<a href="http://sourceforge.net/project/shownotes.php?release_id=99980">http://sourceforge.net/project/shownotes.php?release_id=99980</a>
</p>
<hr size="1" noshade=""/>


<h3><a name="20020711"></a>11 July 2002 - Scioworks Camino v2.0</h3>
<p>
Scioworks Camino is a visual tool for Struts application development.
</p>
<p>
What's new in v2.0:
</p>
<ul>
<li>Supports Struts 1.1 features - Manages multiple modules on multiple Storyboards, declarative exception handling, dynamic FormBeans, etc.</li>
<li>Enhanced Zoomable Storyboards - Manages each module on its own Storyboard with cross module connectivities. Supports zooming, snap-to-grid, auto-alignment and multiple segments paths.</li>
<li>Built-in JSP source editor with syntax-highlighting - Automatic two-way synchronization between the editors and the Storyboards.</li>
<li>Auto file synchronization - Detects external modifications of the JSPs.</li>
<li>Inspector and Cross Referencing Tool - Allows quick viewing and modifying attributes of the elements and provide powerful cross-referencing facility.</li>
<li>Enhanced Code Generator Wizard - Supports different generated code styles of FormBean and Action classes to suit your need.</li>
<li>Enhanced JSP Parser - Revised and more forgiving on non-standard HTML syntax.</li>
<li>Revised User Interface</li>
<li>Expanded XML Character Encoding Support - Allows customized setting.</li>
<li>Supports both JVM 1.4 and JVM 1.3.</li>
</ul>
<p>
Download: <a href="http://www.scioworks.com/">http://www.scioworks.com/</a>
</p>
<hr size="1" noshade=""/>

<h3><a name="20020711"></a>11 July 2002 - Easy Struts v0.4 for Eclipse / JBuilder</h3>
<p>
Features:
</p>
<ul>
<li>Provide a full support for JBuilder IDE.</li>
<li>Provide a full support for Eclipse IDE.</li>
</ul>
<p>
Changes
</p>
<ul>
<li>Support now for JBuilder IDE (without Resources Wizard).</li>
<li>Add runtime facility for JBuilder, no need removeStrutsJar opentool</li>
<li>Add confirm dialog before changing project classpath</li>
<li>Fix driver class validation in datasource wizard</li>
<li>Fix many bug and add improvements</li>
<li>New icons</li>
</ul>
<p>
Project page :
</p>
<ul>
<li><a href="http://easystruts.sourceforge.net/">http://easystruts.sourceforge.net/</a></li>
<li><a href="http://sourceforge.net/projects/easystruts">http://sourceforge.net/projects/easystruts</a></li>
</ul>
<hr size="1" noshade=""/>


<h3><a name="20020710"></a>10 July 2002 - Using Struts in Oracle JDeveloper 9i Tutorial</h3>
<p>
<a href="http://otn.oracle.com/products/jdev/howtos/jsp/StrutsHowTo.html">
<b>How Do I use Jakarta Struts with Oracle9i JDeveloper?</b></a> by Oracle Corporation.
</p>
<hr size="1" noshade=""/>

<h3><a name="20020709"></a>9 July 2002 - Struts Console version 2.0</h3>
<p>
Struts Console version 2.0 is now available.
</p>
<ul>
<li><a href="http://www.jamesholmes.com/struts/">http://www.jamesholmes.com/struts/</a></li>
</ul>
<p>Download Now:</p>
<p><a href="http://www.jamesholmes.com/struts/struts-console-2.0.zip">www.jamesholmes.com/struts/struts-console-2.0.zip</a></p>
<p>-- OR --</p>
<p><a href="http://www.jamesholmes.com/struts/struts-console-2.0.tar.gz">www.jamesholmes.com/struts/struts-console-2.0.tar.gz</a></p>
<p>
Struts Console is FREE software.
</p>
<p>
This release is adds new features and fixes many bugs,
but most notably adds support for Tiles configuration
files. This release also adds support for all of the
latest 1.1 config changes.
</p>
<p>
Changes with Struts Console v2.0
</p>
<ul>
<li>Fixed bug where Edit button was not properly being disabled for Properties and Form Properties which would allow Edit to be selected when no row was highlighted and thus causing exceptions to be thrown.</li>
<li>Fixed bug where Properties and Form Properties tables weren't being updated after a row had been edited.</li>
<li>Fixed bug where Forwards and Exceptions were not properly being removed from Actions.</li>
<li>Fixed bug where changing an Action from using a Form Bean to "&lt;none&gt;" would wrongfully set the Action's "name" attribute to "&lt;none&gt;".</li>
<li>Fixed bug in standalone app where after performing "Save As" on a file, the GUI wouldn't indicate whether or not a file had changes or not.</li>
<li>Fixed bug in Page Converter where an exception was thrown when trying to write files to a different directory.</li>
<li>Added support for Tiles configuration files.</li>
<li>Added support for "roles" attribute to Action screen for 1.1 config files.</li>
<li>Added support for "forwardPattern", "pagePattern" and "inputForward" attributes to Controller screen for 1.1 config files.</li>
<li>Added support for "bundle" attribute to Exception screen for 1.1 config files.</li>
<li>Added ability to move elements up and down in relation to their parent.</li>
<li>Added ability to specify the number of lines between elements in the Output Options.</li>
<li>Added "Key" column to Exceptions tables and make "Key" a required field per the latest DTD for 1.1 config files.</li>
<li>Updated Data Sources screen to be more consistent with the other screens.</li>
<li>Extensive refactorings to improve performance and reduce code size.</li>
</ul>
<hr size="1" noshade=""/>


<h3><a name="20020709"></a>09 July 2002 - Struts Adoption article</h3>
<p>
<a href="http://www.scioworks.net/devnews/articles/struts_adoption_issues/index.html">
<b>Issues In Struts Adoption</b></a> by Harry Rusli and John Yu.
</p>
<hr size="1" noshade=""/>

<h3><a name="20020708"></a>08 July 2002 - Struts article in e-Promagazine</h3>
<p>
The e-Promag.com site is featuring a new article entitled
"<a href="http://www.e-promag.com/eparchive/index.cfm?fuseaction=viewarticle&amp;ContentID=1742">
<b>Struts: A Standard Architecture for Web Applications</b></a>" by Don Denoncourt.
</p>
<hr size="1" noshade=""/>

<h3><a name="20020708"></a>08 July 2002 - JAAS article highlighting Authorization and Authentication with Struts</h3>
<p>
<a href="http://www.mooreds.com/jaas.html">
<b>Using JAAS for Authorization and Authentication</b></a> by Dan Moore.
</p>
<hr size="1" noshade=""/>


<p align="center">
<a href="news_2002_q2.html">
<b>MORE NEWS</b></a>
</p>

</section>


</body>
</document>
