<?xml version="1.0" encoding="ISO-8859-1"?>
<project name="Apache Struts Web Application Framework"
         href="http://jakarta.apache.org/struts"
        image="images/struts.gif">

    <title>Apache Struts Web Application Framework</title>

    <menu name="News and Status">
        <item href="index.html#status" name="Status"/>
        <item href="index.html#community"   name="Community"/>
        <item href="index.html#news"   name="Recent News"/>
        <item href="news_2002_q3.html" name="2002 3rd Quarter News"/>
        <item href="news_2002_q2.html" name="2002 2nd Quarter News"/>
        <item href="news_2002_q2.html" name="2002 1st Quarter News"/>
        <item href="news_2001.html" name="2001 News"/>
    </menu>

    <menu name="Quick Links">
        <item 
            name="Welcome"                 
            href="../index.html"/>
        <item 
            name="News and Status *"         
            href="index.html"/>
        <item 
            name="Resources"         
            href="../resources/index.html"/>
        <item 
            name="User Guide" 
            href="../userGuide/index.html"/>
        <item 
            name="FAQs and HowTos"         
            href="../faqs/index.html"/>
    </menu>
</project>






