<?xml version="1.0"?>
<document url="./index.xml">

<!--
// ======================================================================== 78
-->

<properties>
    <title>The Apache Struts Web Application Framework</title>
    <author>Craig R. McClanahan</author>
    <author>Ted Husted</author>
    <author>Martin Cooper</author>
    <author>James Holmes</author>
</properties>

<body>
    
<section name="Welcome to Struts" href="Welcome">

    <p>
    Welcome to Struts!
    The goal of this project is to provide an open source framework for 
    building web applications.
    </p>

    <p>
    The core of the Struts framework is a flexible control layer based on
    <a href="userGuide/preface.html">standard technologies</a> like Java 
    Servlets, JavaBeans, ResourceBundles, and Extensible Markup Language 
    (XML), as well as various
    <a href="http://jakarta.apache.org/commons/index.html">Jakarta Commons</a> packages.
    Struts encourages application architectures based on the Model 2 approach,
    a variation of the classic
    <a href="http://java.sun.com/blueprints/guidelines/designing_enterprise_applications_2e/web-tier/web-tier5.html">
    <b>Model-View-Controller</b></a> (MVC) design paradigm.
    </p>
    <p>
    Struts provides its own <b>Controller</b> component and integrates with
    <a href="userGuide/preface.html#layers">other technologies</a> to provide 
    the Model and the View.
    For the <b>Model</b>, Struts can interact with any 
    <a href="resources/models.html">standard data access technology</a>, 
    including Enterprise Java Beans, JDBC, and Object Relational Bridge.
    For the <b>View</b>, Struts works well with JavaServer Pages,
    including <a href="./faqs/kickstart.html#jsf">JSTL and JSF</a>,
    as well as Velocity Templates, XSLT, and
    <a href="resources/views.html">other presentation systems</a>.
    </p>

    <p>
    The Struts framework provides the invisible underpinnings every 
    professional web application needs to survive.
    Struts helps you create an extensible development environment for your 
    application, based on published standards and proven design patterns.
    </p>

    <p>
    Struts is part of the
    <a href="http://jakarta.apache.org">Apache Jakarta Project</a>,
    sponsored by the
    <a href="http://www.apache.org">Apache Software Foundation</a>.
    The official Struts home page is at
    <a href="http://jakarta.apache.org/struts">
    http://jakarta.apache.org/struts</a>.
    </p>

</section>

<section name="Books about Struts" href="books">

    <div align="center">
    <center>
    <table border="0" cellpadding="6">
      <tr>

        <td width="17%">
            <a href="resources/books.html">
            <img 
                border="0" 
                src="images/books/0471213020.jpg" 
                width="49" 
                height="60" />
            </a>
        </td>

        <td width="16%">
            <a href="resources/books.html">
            <img 
                border="0" 
                src="images/books/0596003285.jpg" 
                width="49" 
                height="60" />
            </a>
        </td>

        <td width="16%">
            <a href="resources/books.html">
            <img 
                border="0" 
                src="images/books/0672324725.jpg" 
                width="49" 
                height="60" />
            </a>
        </td>

        <td width="16%">
            <a href="resources/books.html">
            <img 
                border="0" 
                src="images/books/0971661901.jpg" 
                width="49" 
                height="60" />
            </a>
        </td>

        <td width="16%">
            <a href="resources/books.html">
            <img 
                border="0" 
                src="images/books/1558608621.jpg" 
                width="49" 
                height="60" />
            </a>
        </td>

        <td width="16%">
            <a href="resources/books.html">
            <img 
                border="0" 
                src="images/books/1861007817.jpg"
                width="49" 
                height="60" />
            </a>
        </td>

          <td width="16%">
              <a href="resources/books.html">
              <img
                  border="0"
                  src="images/books/1930110502.jpg"
                  width="49"
                  height="60" />
              </a>
          </td>

      </tr>
    </table>
    </center>
    </div>

   <p>
   The Apache Software Foundation does not provide printed manuals, 
   but several third-party books about Struts are available. 
   A current list of books about Struts is maintained in the
   <a href="resources/books.html">resource area</a>. 
   Links to excerpts are provided when available. 
   </p>
   
</section>

<section>
   <p align="center">
   Next: <a href="learning.html">Learning About Struts</a>
   </p>
</section>

<section>
   <p align="center">
   <a href="./faqs/helping.html#release">So when is the next release coming 
   out?</a>
   </p>
</section>

</body>
</document>
