<?xml version="1.0" encoding="ISO-8859-1"?>
<project 
	name="Struts Framework"
    href="http://jakarta.apache.org/struts"
    image="images/struts.gif"
    >

    <title>
    	Apache Struts Web Application Framework
    	</title>

    <menu name="Struts">
        <item 
        	name="Welcome"
        	href="index.html"
        	/>
        <item 
        	name="Learning"                
        	href="learning.html"
        	/>
        <item 
        	name="Acquiring"               
        	href="acquiring.html"
        	/>
        <item 
        	name="Using"                   
        	href="using.html"
        	/>
        <item 
        	name="Who We Are"              
        	href="volunteers.html"
        	/>
        <item 
        	name="Roadmap"
            href="status.html"
            />
</menu>

    <menu name="Community">
        <item 
        	name="News &amp; Status"
        	href="news/index.html"
        	/>
        <item 
        	name="Resources"               
        	href="resources/index.html"
        	/>
        <item 
        	name="List Archive"            
        	href="http://nagoya.apache.org/eyebrowse/SummarizeList?listId=42"
        	/>
        <item 
        	name="Known Issues"			 
        	href="http://jakarta.apache.org/site/bugs.html"
        	/>              
    </menu>

    <menu name="Download">
        <item 
        	name="Binaries"                
        	href="http://jakarta.apache.org/site/binindex.cgi"
        	/>
        <item 
        	name="Source Code"             
        	href="http://jakarta.apache.org/site/sourceindex.cgi"
        	/>
        <item 
        	name="CVS Repository"          
        	href="http://cvs.apache.org/viewcvs/jakarta-struts/"
        	/>
    </menu>

    <menu name="Nightly Build">
        <item 
        	name="User and Developer Guides"
            href="userGuide/index.html"
            />
        <item 
        	name="Javadoc"
            href="api/index.html"
            />
        <item 
        	name="FAQs and Howtos"         
        	href="faqs/index.html"
        	/>
    </menu>

    <menu name="Stable Release (1.1)">
        <item 
        	name="Release Notes"
            href="userGuide/release-notes-1.1.html"
            />
        <item 
        	name="Release Plan"
            href="proposals/release-plan-1.1.html"
            />
    </menu>

    <menu name="Previous Release (1.0.2)">
        <item 
        	name="Welcome page"
            href="http://jakarta.apache.org/struts/doc-1.0.2/index.html"
            />
        <item 
        	name="User Guide"
            href="http://jakarta.apache.org/struts/doc-1.0.2/userGuide/index.html"
            />
        <item 
        	name="Javadoc"
            href="http://jakarta.apache.org/struts/doc-1.0.2/api/index.html"
            />
        <item 
        	name="Release Notes"
            href="http://jakarta.apache.org/struts/doc-1.0.2/release-notes-1.0.2.html"
            />
        <item 
        	name="Installation"
            href="http://jakarta.apache.org/struts/doc-1.0.2/installation.html"
            />
    </menu>


</project>






