<?xml version="1.0" encoding="ISO-8859-1"?>
<project name="Struts User's Guide"
         href="http://jakarta.apache.org/struts/userGuide"
        image="../images/struts.gif">

    <title>Getting Started</title>

    <menu name="User Guide">
      <item 
        name="Table of Contents"     
        href="index.html"/>
      <item 
        name="Preface"               
        href="preface.html"/>
      <item 
        name="Introduction"          
        href="introduction.html"/>
      <item 
        name="Model Components"      
        href="building_model.html"/>
      <item 
        name="View Components"       
        href="building_view.html"/>
      <item 
        name="Controller Components" 
        href="building_controller.html"/>
      <item 
        name="Configuration"         
        href="configuration.html"/>
      <item 
        name="Release Notes"         
        href="release-notes.html"/>
      <item 
        name="Installation"          
        href="installation.html"/>
    </menu>

    <menu name="Developer Guides">
        <item 
            name="Bean Tags"
            href="dev_bean.html"/>
        <item 
            name="HTML Tags"
            href="dev_html.html"/>
        <item 
            name="Logic Tags"
            href="dev_logic.html"/>
        <item 
            name="Nested Tags"
            href="dev_nested.html"/>
        <item 
            name="Template Tags"
            href="dev_template.html"/>
        <item 
            name="Tiles Tags"
            href="dev_tiles.html"/>
        <item 
            name="Utilities"
            href="dev_util.html"/>
        <item 
            name="Validator"
            href="dev_validator.html"/>
    </menu>

    <menu name="Quick Links">
        <item 
            name="Welcome"                 
            href="../index.html"/>
        <item 
            name="News and Status"         
            href="../news/index.html"/>
        <item 
            name="Resources"         
            href="../resources/index.html"/>
        <item 
            name="User and Developer Guides *" 
            href="index.html"/>
        <item 
            name="FAQs and HowTos"         
            href="../faqs/index.html"/>
    </menu>

</project>
