<?xml version="1.0"?>
<document url="./struts-faces.xml">

<properties>
  <author>Craig R. McClanahan</author>
  <title>JavaServer Faces Tag Library for the Struts Framework</title>
</properties>

<taglib>


  <!-- ==================== Tag Library Characteristics =================== -->

  <tlib-version>0.1</tlib-version>
  <jsp-version>1.2</jsp-version>
  <short-name>Struts-Faces</short-name>
  <uri>http://jakarta.apache.org/struts/tags-faces</uri>
  <display-name>Struts-Faces Integration Tag Library</display-name>
  <description>
    <p>This tag library provides custom action functionality that is
    similar to that provided by the Struts 1.1 tag libraries, but
    is built on top of the JavaServer Faces rendering architecture.</p>

    <p>This tag library includes the following tags:</p>
  </description>


  <!-- ========================= Listeners ================================ -->


  <!-- Lifecycle Listener -->
  <listener>
    <listener-class>
      org.apache.struts.faces.taglib.LifecycleListener
    </listener-class>
  </listener>


  <!-- ==================== Supported Tags ================================ -->


  <tag>

    <name>base</name>
    <summary>
      Render an HTML &lt;base&gt; element
    </summary>
    <tag-class>org.apache.struts.faces.taglib.BaseTag</tag-class>
    <description>
      <p>Renders an HTML <code>&lt;base&gt;</code> element with an
      <code>href</code> attribute pointing to the absolute location
      of the enclosing JSP page.  This tag is valid only when nested
      inside an HTML <code>&lt;head&gt;</code> element.  This tag is
      useful because it allows you to use relative URL references that
      are based on the URL of the page itself, rather than the URL to
      which the most recent submit took place.</p>
    </description>

    <attribute>
      <name>id</name>
      <required>false</required>
      <rtexprvalue>false</rtexprvalue>
      <description>
        Component id of this component.
      </description>
    </attribute>

    <attribute>
      <name>rendered</name>
      <required>false</required>
      <rtexprvalue>false</rtexprvalue>
      <description>
        Boolean attribute indicating whether this component should be
        rendered or not.
      </description>
    </attribute>

    <attribute>
      <name>target</name>
      <required>false</required>
      <rtexprvalue>false</rtexprvalue>
      <description>
        Target frame for this base reference.
      </description>
    </attribute>

  </tag>


  <tag>

    <name>body</name>
    <summary>
      Render nested JSP body content as a Faces component
    </summary>
    <tag-class>org.apache.struts.faces.taglib.OutputBodyTag</tag-class>
    <body-content>JSP</body-content>
    <description>
      <p>Encapsulates the output of JSP content nested in this tag
      as a JavaServer Faces <code>UIOutput</code> component rendered
      with the <code>Text</code> renderer type.</p>
    </description>

    <attribute>
      <name>id</name>
      <required>false</required>
      <rtexprvalue>false</rtexprvalue>
      <description>
        Component id of this component.
      </description>
    </attribute>

    <attribute>
      <name>rendered</name>
      <required>false</required>
      <rtexprvalue>false</rtexprvalue>
      <description>
        Boolean attribute indicating whether this component should be
        rendered or not.
      </description>
    </attribute>

  </tag>


  <tag>

    <name>errors</name>
    <summary>
      Conditionally display a set of accumulated error messages
    </summary>
    <tag-class>org.apache.struts.faces.taglib.ErrorsTag</tag-class>
    <description>
      <p>Displays a list of error messages prepared by form bean
      or business logic validation processing.</p>

      <p>In order to use this component successfully, you must have
      defined an application scope <code>MessageResources</code> bean
      under the specified attribute name, with optinal definitions for
      the following message keys:</p>
      <ul>
      <li><strong>errors.header</strong> - Text that will be rendered
          before the error messages list.</li>
      <li><strong>errors.footer</strong> - Text that will be rendered
          after the error messages list.</li>
      <li><strong>errors.prefix</strong> - Text that will be rendered
          before each individual error in the list.</li>
      <li><strong>errors.suffix</strong> - Text that will be rendered
          after each individual error in the list.</li>
      </ul>
    </description>

    <attribute>
      <name>bundle</name>
      <required>false</required>
      <rtexprvalue>false</rtexprvalue>
      <description>
        <p>Name of the servlet context attribute under which the desired
        <code>MessageResources</code> bundle is stored.  If not specified,
        the default bundle for this sub-application will be used.</p>
      </description>
    </attribute>

    <attribute>
      <name>id</name>
      <required>false</required>
      <rtexprvalue>false</rtexprvalue>
      <description>
        Component id of this component.
      </description>
    </attribute>

    <attribute>
      <name>rendered</name>
      <required>false</required>
      <rtexprvalue>false</rtexprvalue>
      <description>
        Boolean attribute indicating whether this component should be
        rendered or not.
      </description>
    </attribute>

  </tag>


  <tag>

    <name>form</name>
    <summary>
      Render a form suitable for submission to a Struts Action
    </summary>
    <tag-class>org.apache.struts.faces.taglib.FormTag</tag-class>
    <description>
      <p>Render an HTML form element containing the nested components to
      present the appropriate label and input field elements.  This tag is
      distinguished from the tag in the standard HTML RenderKit because it
      accepts a Struts <code>&lt;action&gt;</code> path as a parameter,
      instead of a generic form name.</p>
    </description>

    <attribute>
      <name>action</name>
      <required>true</required>
      <rtexprvalue>false</rtexprvalue>
      <description>
        <p>Struts <code>Action</code> to which this form should be
        submitted.  This value must exactly match the <code>path</code>
        attribute of the corresponding <code>&lt;action&gt;</code>
        element in the <code>struts-config.xml</code> configuration
        file for this application module.</p>
      </description>
    </attribute>

    <attribute>
      <name>enctype</name>
      <required>false</required>
      <rtexprvalue>false</rtexprvalue>
      <description>
        <p>The content encoding to be used to submit this form, if the
        method is <code>POST</code>.  This must be set to
        "<code>multipart/form-data</code>" if your form includes file upload
        field(s).  If not specified, the browser default
        ("<code>application/x-www-form-urlencoded</code>") is used.</p>
      </description>
    </attribute>

    <attribute>
      <name>focus</name>
      <required>false</required>
      <rtexprvalue>false</rtexprvalue>
      <description>
        <p>The identifier of the form field that should receive focus
        when this form is rendered.</p>
      </description>
    </attribute>

    <attribute>
      <name>focusIndex</name>
      <required>false</required>
      <rtexprvalue>false</rtexprvalue>
      <description>
        <p>If the focus field is an array, such as a radio button group,
        you can specify the index of the array element to receive focus.</p>
      </description>
    </attribute>

    <attribute>
      <name>id</name>
      <required>false</required>
      <rtexprvalue>false</rtexprvalue>
      <description>
        Component id of this component.
      </description>
    </attribute>

    <attribute>
      <name>method</name>
      <required>false</required>
      <rtexprvalue>false</rtexprvalue>
      <description>
        <p>Method by which this form submit will occur (GET, POST).
        If not specified, POST is used.</p>
      </description>
    </attribute>

    <attribute>
      <name>onreset</name>
      <required>false</required>
      <rtexprvalue>false</rtexprvalue>
      <description>
        <p>JavaScript event handler executed if this form is reset.</p>
      </description>
    </attribute>

    <attribute>
      <name>onsubmit</name>
      <required>false</required>
      <rtexprvalue>false</rtexprvalue>
      <description>
        <p>JavaScript event handler executed if this form is submitted.</p>
      </description>
    </attribute>

    <attribute>
      <name>rendered</name>
      <required>false</required>
      <rtexprvalue>false</rtexprvalue>
      <description>
        Boolean attribute indicating whether this component should be
        rendered or not.
      </description>
    </attribute>

    <attribute>
      <name>style</name>
      <required>false</required>
      <rtexprvalue>false</rtexprvalue>
      <description>
        <p>CSS styles to be applied to this HTML element.</p>
      </description>
    </attribute>

    <attribute>
      <name>styleClass</name>
      <required>false</required>
      <rtexprvalue>false</rtexprvalue>
      <description>
        CSS style class to use when rendering this component.
      </description>
    </attribute>

    <attribute>
      <name>styleId</name>
      <required>false</required>
      <rtexprvalue>false</rtexprvalue>
      <description>
        <p>Identifier to be assigned to this HTML element (renders an
        "<code>id</code>" element).</p>
      </description>
    </attribute>

    <attribute>
      <name>target</name>
      <required>false</required>
      <rtexprvalue>false</rtexprvalue>
      <description>
        <p>Window target to which this form is submitted, such as for use
        in framed presentations.</p>
      </description>
    </attribute>


  </tag>


  <tag>

    <name>html</name>
    <summary>
      Render an HTML &lt;html&gt; element
    </summary>
    <tag-class>org.apache.struts.faces.taglib.HtmlTag</tag-class>
    <body-content>JSP</body-content>
    <description>
      <p>Renders an HTML <code>&lt;html&gt;</code> element with language
      attributes extracted from the user's current Locale object, if there
      is one.</p>
    </description>

    <attribute>
      <name>id</name>
      <required>false</required>
      <rtexprvalue>false</rtexprvalue>
      <description>
        Component id of this component.
      </description>
    </attribute>

    <attribute>
      <name>locale</name>
      <required>false</required>
      <rtexprvalue>false</rtexprvalue>
      <description>
        <p>Set to <code>true</code> in order to record a <code>Locale</code>
        based on the current request's <code>Accept-Language</code> header
        (if any), if none has currently been set.</p>
      </description>
    </attribute>

    <attribute>
      <name>xhtml</name>
      <required>false</required>
      <rtexprvalue>false</rtexprvalue>
      <description>
        <p>Set to <code>true</code> to render an <code>xml:lang</code>
        element on the generated <code>html</code> element.  It also causes
        nested Struts HTML tags (although not JavaServer Faces component
        tags) to render themselves as xhtml.</p>
      </description>
    </attribute>

  </tag>


  <tag>

    <name>javascript</name>
    <summary>
      Render JavaScript validation based on the
      validation rules loaded by the <code>ValidatorPlugIn</code>.
    </summary>
    <tag-class>
      org.apache.struts.taglib.html.JavascriptValidatorTag
    </tag-class>
    <bodycontent>empty</bodycontent>
    <description>
      <p><strong>IMPLEMENTATION NOTE</strong> - Unlike other tags in this
      tag library, this does not correspond to a JavaServer Faces
      user interface component.  It simply shares the tag implementation
      class from the <code>struts-html</code> tag library.</p>

      <p>Render JavaScript validation based on the
      validation rules loaded by the <code>ValidatorPlugIn</code>.
      The set of validation rules that should be generated is based
      on the formName attribute passed in, which should match
      the name attribute of the form element in the xml file.</p>

      <p>The dynamicJavascript and staticJavascript attributes
      default to true, but if dynamicJavascript is set to <code>true</code>
      and staticJavascript is set to <code>false</code> then only
      the dynamic JavaScript will be rendered.  If dynamicJavascript
      is set to <code>false</code>
      and staticJavascript is set to <code>true</code> then only
      the static JavaScript will be rendered which can then be put in
      separate JSP page so the browser can cache the static JavaScript.</p>
    </description>

    <attribute>
      <name>cdata</name>
      <required>false</required>
      <rtexprvalue>true</rtexprvalue>
      <description>
        <p>If set to "true" and XHTML has been enabled, the JavaScript will
        be wrapped in a CDATA section to prevent XML parsing. The default is
        "true" to comply with the W3C's recommendation.</p>
      </description>
      <since>Struts 1.1</since>
    </attribute>
        
    <attribute>
      <name>dynamicJavascript</name>
      <required>false</required>
      <rtexprvalue>false</rtexprvalue>
      <description>
        <p>Whether or not to render the dynamic JavaScript.
        Defaults to <code>true</code>.</p>
      </description>
    </attribute>

    <attribute>
      <name>formName</name>
      <required>false</required>
      <rtexprvalue>true</rtexprvalue>
      <description>
        <p>The key (form name) to retrieve a specific
        set of validation rules.</p>
      </description>
    </attribute>

    <attribute>
      <name>htmlComment</name>
      <required>false</required>
      <rtexprvalue>true</rtexprvalue>
      <description>
        <p>Whether or not to enclose the javascript
        with HTML comments.  This attribute is ignored in XHTML
        mode because the script would be deleted by the XML parser.  See
        the cdata attribute for details on hiding scripts from XML
        parsers.  Defaults to <code>true</code>.</p>
      </description>
    </attribute>

    <attribute>
      <name>method</name>
      <required>false</required>
      <rtexprvalue>true</rtexprvalue>
      <description>
        <p>The alternate JavaScript method name to be used
        instead of the of the default.  The default is
        'validate' concatenated in front of
        the key (form name) passed in (ex: validateRegistrationForm).</p>
      </description>
    </attribute>

    <attribute>
      <name>page</name>
      <required>false</required>
      <rtexprvalue>true</rtexprvalue>
      <description>
        <p>The current page of a set of validation rules
        if the page attribute for the field element
        in the xml file is in use.</p>
      </description>
    </attribute>

    <attribute>
      <name>src</name>
      <required>false</required>
      <rtexprvalue>true</rtexprvalue>
      <description>
        <p>The src attribute's value when defining
        the html script element.</p>
      </description>
    </attribute>

    <attribute>
      <name>staticJavascript</name>
      <required>false</required>
      <rtexprvalue>false</rtexprvalue>
      <description>
        <p>Whether or not to render the static JavaScript.
        Defaults to <code>true</code>.</p>
      </description>
    </attribute>

  </tag>


  <tag>

    <name>message</name>
    <summary>
      Render a localized message looked up from a message resources bundle
    </summary>
    <tag-class>org.apache.struts.faces.taglib.MessageTag</tag-class>
    <body-content>JSP</body-content>
    <description>
      <p>Render the message text looked up from a message resources bundle,
      based on our current locale.  The message key must be specified by
      exactly one of the following attributes:</p>
      <ul>
      <li><strong>key</strong> - Message key is specified directly.</li>
      <li><strong>valueRef</strong> - Retrieve the value of the
          specified value reference, convert it to a String, and use that
          as the requested message key.</li>
      </ul>

      <p>The <code>MessageResources</code> bundle to be used is specified
      by the <code>bundle</code> attribute, as follows:</p>
      <ul>
      <li>If <strong>bundle</strong> is present, it is the name of the servlet
          context attribute under which our <code>MessageResources</code>
          bundle should be retrieved.</li>
      <li>If <strong>bundle</strong> is not present, use the default
          <code>MessageResources</code> bundle for the current subapp.</li>
      </ul>

      <p>Substitution parameters for the message may be nested inside this
      tag by using the <code>parameter</code> tag from the standard
      HTML RenderKit tag library.</p>
    </description>

    <attribute>
      <name>bundle</name>
      <required>false</required>
      <rtexprvalue>false</rtexprvalue>
      <description>
        <p>Name of the servlet context attribute under which the desired
        <code>MessageResources</code> bundle is stored.  If not specified,
        the default bundle for this sub-application will be used.</p>
      </description>
    </attribute>

    <attribute>
      <name>id</name>
      <required>false</required>
      <rtexprvalue>false</rtexprvalue>
      <description>
        <p>Component identifier of the component corresponding to this tag.</p>
      </description>
    </attribute>

    <attribute>
      <name>key</name>
      <required>false</required>
      <rtexprvalue>false</rtexprvalue>
      <description>
        <p>Literal value of the message key to look up.  Exactly one of
        <code>key</code> and <code>valueRef</code> must be specified.
        </p>
      </description>
    </attribute>

    <attribute>
      <name>rendered</name>
      <required>false</required>
      <rtexprvalue>false</rtexprvalue>
      <description>
        Boolean attribute indicating whether this component should be
        rendered or not.
      </description>
    </attribute>

    <attribute>
      <name>styleClass</name>
      <required>false</required>
      <rtexprvalue>false</rtexprvalue>
      <description>
        <p>Name of the CSS style class used to render this component.</p>
      </description>
    </attribute>

    <attribute>
      <name>valueRef</name>
      <required>false</required>
      <rtexprvalue>false</rtexprvalue>
      <description>
        <p>Value reference expression used to retrieve a dynamic value for
        the message key to look up.  Exactly one of <code>key</code> and
        <code>valueRef</code> must be specified.</p>
      </description>
    </attribute>

  </tag>


  <tag>

    <name>stylesheet</name>
    <summary>
      Render an HTML &lt;link&gt; relative reference to a stylesheet
    </summary>
    <tag-class>org.apache.struts.faces.taglib.StylesheetTag</tag-class>
    <description>
      <p>Renders an HTML <code>&lt;link&gt;</code> element with a
      relative reference to a <code>text/css</code> stylesheet at
      the specified context-relative path.</p>
    </description>

    <attribute>
      <name>id</name>
      <required>false</required>
      <rtexprvalue>false</rtexprvalue>
      <description>
        Component id of this component.
      </description>
    </attribute>

    <attribute>
      <name>path</name>
      <required>true</required>
      <rtexprvalue>false</rtexprvalue>
      <description>
        Context-relative path to the resource for this relative link.
      </description>
    </attribute>

    <attribute>
      <name>rendered</name>
      <required>false</required>
      <rtexprvalue>false</rtexprvalue>
      <description>
        Boolean attribute indicating whether this component should be
        rendered or not.
      </description>
    </attribute>

  </tag>


  <tag>

    <name>write</name>
    <summary>
      Render the value of the specified model object or text string
    </summary>
    <tag-class>org.apache.struts.faces.taglib.WriteTag</tag-class>
    <body-content>empty</body-content>
    <description>
      <p>Render the text associated with the specified model object or
      text string, optionally performing filtering and formatting tasks
      described by the optional attributes described below.  The text to be
      rendered is specified in exactly one of the following attributes:</p>
      <ul>
      <li><strong>value</strong> - The literal text value to be rendered.</li>
      <li><strong>valueRef</strong> - An expression language reference
          to retrieve the text to be rendered.</li>
      </ul>

      <p>Additional control over the rendering process is specified by the
      following optional attributes, with default values as indicated:</p>
      <ul>
      <li><strong>filter</strong> - Set to <code>true</code> to filter the
          rendered text for characters that are sensitive in HTML, or
          <code>false</code> to skip filtering.  By default, rendered text
          is filtered.</li>
      </ul>
    </description>

    <attribute>
      <name>filter</name>
      <required>false</required>
      <rtexprvalue>false</rtexprvalue>
      <description>
        <p>Should we filter the output for characters that are sensitive
        in HTML?  The default value is <code>true</code>.</p>
      </description>
    </attribute>

    <attribute>
      <name>id</name>
      <required>false</required>
      <rtexprvalue>false</rtexprvalue>
      <description>
        <p>Component identifier of the component corresponding to this tag.</p>
      </description>
    </attribute>

    <attribute>
      <name>rendered</name>
      <required>false</required>
      <rtexprvalue>false</rtexprvalue>
      <description>
        Boolean attribute indicating whether this component should be
        rendered or not.
      </description>
    </attribute>

    <attribute>
      <name>styleClass</name>
      <required>false</required>
      <rtexprvalue>false</rtexprvalue>
      <description>
        <p>Name of the CSS style class used to render this component.</p>
      </description>
    </attribute>

    <attribute>
      <name>value</name>
      <required>false</required>
      <rtexprvalue>false</rtexprvalue>
      <description>
        <p>Literal text to be rendered.</p>
      </description>
    </attribute>

    <attribute>
      <name>valueRef</name>
      <required>false</required>
      <rtexprvalue>false</rtexprvalue>
      <description>
        <p>Value reference expression for use in retrieving the text
        to be rendered.</p>
      </description>
    </attribute>

  </tag>


</taglib>

</document>
