<?xml version="1.0" encoding="ISO-8859-1"?>
<document url="./1st.xml">
<properties>
<author>Mike Schachter</author>
<author>Ted Husted</author>
<author>James Holmes</author>
<title>Resources - Read Me First - Jakarta Struts</title>
</properties>
<body> 
<chapter name="Struts Resources" href="http://husted.com/struts/resources"> 

<section name="Read Me First">
<ul><b>Why we need Struts:</b>
<ul>
  <li><a href="http://www.servlets.com/soapbox/problems-jsp.html"><b>The Problem with JSP</b></a> by Jason Hunter - Critiques model 1 development</li>
  <li><a href="http://www.javaworld.com/javaworld/jw-12-1999/jw-12-ssj-jspmvc.html"><b>Understanding JavaServer Pages Model 2 architecture</b></a> by Govind Seshadri - Seminal article on model 2</li>
</ul>
</ul>
<ul><b>From Ground Zero:</b>
  <ul>
    <li><a href="http://java.sun.com/docs/books/tutorial/getStarted/cupojava/index.html">Your First Cup of Java</a></li>
    <li><a href="http://java.sun.com/docs/books/tutorial/getStarted/cupojava/index.html">Getting Started</a></li>
    <li><a href="http://java.sun.com/docs/books/tutorial/java/index.html">Learning the Language</a></li>
    <li><i>Optional:</i> <a href="http://java.sun.com/docs/books/tutorial/essential/index.html">Essential Classes</a></li>
  </ul>
</ul>
<ul><b>Core Prerequesites:</b>
  <ul>
    <li><a href="http://java.sun.com/docs/books/tutorial/collections/index.html">The Java Tutorial - Trail: Collections</a></li>
    <li><a href="http://java.sun.com/docs/books/tutorial/javabeans/index.html">The Java Tutorial - Trail: JavaBeans</a></li>
    <li><a href="http://java.sun.com/docs/books/tutorial/servlets/index.html">The Java Tutorial - Trail: Servlets</a></li>
  </ul>
</ul>
<ul><b>JSP/Taglib Prerequisites:</b>
  <ul>
    <li><a href="http://java.sun.com/j2ee/tutorial/1_3-fcs/doc/JSPIntro.html">The J2EE Tutorial - JavaServer Pages</a> </li>
    <li><a href="http://java.sun.com/j2ee/tutorial/1_3-fcs/doc/JSPBeans.html">The J2EE Tutorial - JavaBeans Components in JSP Pages</a></li>
    <li><a href="http://java.sun.com/j2ee/tutorial/1_3-fcs/doc/JSPTags.html">The J2EE Tutorial - Custom Tags in JSP Pages </a></li>
  </ul>
</ul>
<ul><b>Optional:</b>
  <ul>
    <li>
      <i>Optional:</i> <a href="http://java.sun.com/docs/books/tutorial/i18n/index.html">The Java Tutorial - Trail: Internationalization</a></li>
    <li>
      <i>Optional:</i> <a href="http://java.sun.com/docs/books/tutorial/reflect/index.html">The Java Tutorial - Trail: Reflection</a>
      <ul>
        <li><a href="http://developer.java.sun.com/developer/technicalArticles/ALT/Reflection/"><font size="2">Using Java Reflection</font></a></li>
      </ul>
    </li>
    <li><i>Optional:</i> <a href="http://java.sun.com/docs/books/tutorial/jdbc/index.html">The Java Tutorial - Trail: JDBC</a></li>
    <li><i>Very Optional:</i> <a href="http://java.sun.com/xml/jaxp/dist/1.1/docs/tutorial/index.html">The Java API for Xml Processing (JAXP) Tutorial</a></li>
    <li><i>Extra Credit:</i> <a href="http://java.sun.com/docs/books/jls/first_edition/html/index.html">The Java Language Specification</a>
    <ul>
      <li><i>Extra-Extra Credit</i>: <a href="http://java.sun.com/docs/white/langenv/index.html">The Java Language Environment -                                                       A White Paper</a></li>
    </ul>
    </li>
  </ul>
</ul>

<ul><b>Struts Specific:</b>
<ul>
  <li><a href="http://www-106.ibm.com/developerworks/library/j-struts/?n-j-2151">Struts, an open-source MVC implementation</a> -- <a href="mailto:malcolm@nuearth.com">Malcom Davis</a>.</li>
  <li><a href="http://jakarta.apache.org/tomcat/tomcat-3.2-doc/appdev/index.html">Developing Applications with Tomcat</a> (<i>Even if you are using something else!</i>) 
  <ul>
    <li><a href="http://developer.bluestone.com/scripts/SaISAPI.dll/Gallery.class/demos/trailMaps/index.jsp">Welcome to the Struts Framework</a> by <a href="http://www.bluestone.com">Bluestone Software</a>.</li>
  </ul></li>
  <li><a href="http://jakarta.apache.org/struts/userGuide/index.html">Struts UserGuide</a></li>
  <li><a href="http://jakarta.apache.org/struts/api/index.html"><b>Struts JavaDocs</b> </a> -- <i>a good read, really!</i></li>
  <li><a href="http://husted.com/struts/catalog.html"><b>The Struts Catalog</b> </a> -- Recommended design patterns and strategies</li>
</ul>
</ul>

<ul><b><a name="too">readMe.Too</a></b>
<ul>
<li><b><a href="http://barracuda.enhydra.org/cvs_source/Barracuda/docs/landscape.html">Surveying the MVC Landscape</a></b> - Contrasts other frameworks (including Struts) with Barracuda</li>
</ul>
</ul>
</section>

</chapter></body></document>
