<?xml version="1.0" encoding="ISO-8859-1"?>
<document url="./books.xml">
<properties>
<author>Mike Schachter</author>
<author>Ted Husted</author>
<author>James Holmes</author>
<title>Resources - Books - Jakarta Struts</title>
</properties>
<body>
<chapter name="Struts Resources" href="http://husted.com/struts/resources">

<section name="Books about Struts">
<table>

<tr>
<td>
<a href="http://www.amazon.com/exec/obidos/ISBN=1861007817/hitchhikeguidetoA/">
<img border="0" src="../images/books/1861007817.jpg" width="49" height="60" align="left"/></a>
</td>
<td>
<a href="http://www.amazon.com/exec/obidos/ISBN=1861007817/hitchhikeguidetoA/">
<b>Professional Struts Applications: Building Web Sites with Struts, Object Relational Bridge, Lucene, and Velocity</b>
</a>
by John Carnell, Jeff Linwood, Maciej Zawadzki - March 2003.
</td>
</tr>

<tr>
<td>
<a href="http://www.amazon.com/exec/obidos/ISBN=0672324725/hitchhikeguidetoA/">
<img border="0" src="../images/books/0672324725.jpg" width="49" height="60" align="left"/>
</a>
</td>
<td>
<a href="http://www.amazon.com/exec/obidos/ISBN=0672324725/hitchhikeguidetoA/"><b>Struts Kick Start</b></a> 
by James Turner and Kevin Bedell - December 2002. [<a href="http://www.strutskickstart.com/">Sample chapter available</a>]
</td>
</tr>

<tr>
<td>
<a href="http://www.amazon.com/exec/obidos/ISBN=0596003285/hitchhikeguidetoA/">
<img border="0" src="../images/books/0596003285.jpg" width="49" height="60" align="left"/>
</a>
</td>
<td>
<a href="http://www.amazon.com/exec/obidos/ISBN=0596003285/hitchhikeguidetoA/"><b>Programming Jakarta Struts</b></a> 
by Chuck Cavaness. November 2002. [<a href="http://www.oreilly.com/catalog/jakarta/">beta chapter available</a>]
</td>
</tr>

<tr>
<td>
<a href="http://www.amazon.com/exec/obidos/ISBN=1558608621/hitchhikeguidetoA/">
<img border="0" src="../images/books/1558608621.jpg" width="49" height="60" align="left"/>
</a>
</td>
<td>
<a href="http://www.amazon.com/exec/obidos/ISBN=1558608621/hitchhikeguidetoA/">
<b>The Struts Framework: Practical Guide for Programmers</b></a> 
by Sue Spielman. November 2002.
</td>
</tr>

<tr>
<td>
<a href="http://www.amazon.com/exec/obidos/ISBN=1930110502/hitchhikeguidetoA/">
<img border="0" src="../images/books/1930110502.jpg" width="49" height="60" align="left"/>
</a>
</td>
<td>
<a href="http://www.amazon.com/exec/obidos/ISBN=1930110502/hitchhikeguidetoA/">
<b>Struts in Action</b></a> 
by Ted Husted, Cedric Dumoulin, George Franciscus, and David Winterfeldt; Foreword by Craig R. McClanahan. November 2002. [<a href="http://www.manning.com/husted/">sample chapters available</a>]
</td>
</tr>

<tr>
<td>
<a href="http://www.amazon.com/exec/obidos/ISBN=0471213020/hitchhikeguidetoA/">
<img border="0" src="../images/books/0471213020.jpg" width="49" height="60" align="left"/>
</a>
</td>
<td>
<a href="http://www.amazon.com/exec/obidos/ISBN=0471213020/hitchhikeguidetoA/">
<b>Mastering Jakarta Struts</b></a> 
by James Goodwill. August 2002. [<a href="http://wiley.com/cda/product/0,,0471213020,00.html">excerpt available</a>]
</td>
</tr>

<tr>
<td>
<a href="http://www.amazon.com/exec/obidos/ISBN=0971661901/hitchhikeguidetoA/">
<img border="0" src="../images/books/0971661901.jpg" width="49" height="60" align="left"/>
</a>
</td>
<td>
<a href="http://www.amazon.com/exec/obidos/ISBN=0971661901/hitchhikeguidetoA/">
<b>Struts Fast Track: J2EE / JSP Framework</b></a> 
by Victor Cekvenich - Practical Application with Database Access and Struts Extensions. November 2001.
</td>
</tr>

</table>
</section>

<section name="Books with Struts coverage">

<p>
<a href="http://www.amazon.com/exec/obidos/ISBN=1861008317/hitchhikeguidetoA/"><b>Beginning JSP 2.0</b></a> by Galbraith et al. Wrox Press February 2003 - Chapters 15 and 16 cover web development using Struts.
</p>
<p>
<a href="http://www.amazon.com/exec/obidos/ISBN=0672324490/hitchhikeguidetoA/"><b>Sams Teach Yourself Java Server Pages in 21 Days</b></a> by Steve Holzner, September 2002 - Day 19 is Struts day.
</p>
<p>
<a href="http://www.amazon.com/exec/obidos/ISBN=0471237647/hitchhikeguidetoA/"> <b>Mastering Tomcat Development</b></a> by Ian McFarland and Peter Harrison, November 2002 - Chapter 13 covers doing MVC with Struts.
</p>
<p>
<a href="http://www.amazon.com/exec/obidos/ISBN=0672323095/hitchhikeguidetoA/"><b>MySQL and JSP Web Applications: Data-Driven Programming Using Tomcat and MySQL</b></a> by James Turner. March 2002. Includes a chapter on Tomcat and Struts.
</p>
<p>
<a href="http://www.amazon.com/exec/obidos/ISBN=0735710953/hitchhikeguidetoA/"><b>JSP and Tag Libraries for Web Development </b></a>- by Wellington L. S. Da Silva. January 2002. Several chapters regarding Struts.
</p>
<p>
<a href="http://www.amazon.com/exec/obidos/ISBN=1861005512/hitchhikeguidetoA/"><b>Professional JSP Site Design</b></a> - by Gabraith, Husted, Nelson, Kochmer, et al (Wrox book). November 2001. Features Struts in chapters 2 (The Struts Framework), 6 (Navigation), 8 (Data Access Patterns), 12 (Content Management), 13 (Searching), and 14 (Portals).
</p>
<p>
<a href="http://www.amazon.com/exec/obidos/ISBN=1861002092/hitchhikeguidetoA/"><b>Beginning JSP Web Development</b></a> by Falkner, Galbraith, Irani, Kochmer, Kunnumpurath, Panduranga,  Perrumal, Timney (Wrox book). August 2001. One chapter focuses on an introduction to Struts 1.0 and two chapters on creating an application that uses Struts.
</p>
<p>
<a href="http://www.redbooks.ibm.com/pubs/pdfs/redbooks/sg246134.pdf"><b>WebSphere Version 4 Application Development Handbook</b></a> <font size="1">(PDF)</font> - IBM Redbook, Chapter 7 covers designing with both the Struts and WebSphere frameworks.
</p>
<p>
<a href="http://shannon.informatik.fh-wiesbaden.de/jsp/index.html"><b>Java Server Pages and J2EE Web-based Applications for Enterprises</b></a> - In German, with a Chapter regarding MVC and Struts.
</p>
<p>
<a href="http://www.amazon.com/exec/obidos/ISBN=0130648841/hitchhikeguidetoA/"><b>Core J2EE Patterns</b></a> by Alur, Crupi, Malks. June 2001. Many of these patterns are deployed in Struts.
</p>
<p>
<a href="http://www.amazon.com/exec/obidos/ISBN=1861004958/hitchhikeguidetoA/"><b>Professional JSP 2nd Edition</b></a> by Wilkenson et al (Wrox book). April 2001. Long chapter on Struts.
</p>
<p>
<a href="http://www.amazon.com/exec/obidos/ISBN=0130307041/hitchhikeguidetoA/"><b>Advanced JavaServer Pages</b></a> by David Geary. May 2001. Features template tag library from Struts 1.0.
</p>
<p>
<a href="http://www.amazon.com/exec/obidos/ISBN=0764547879/hitchhikeguidetoA/"><b>JSP, Servlets, and MySQL</b></a> by David Harms, 2001 - Features a chapter on Struts 1.0.
</p>
<p>
<a href="http://www.amazon.com/exec/obidos/ISBN=0764547968/hitchhikeguidetoA/"><b>JSP Weekend Crash Course</b></a> by Andrew Utter et al, January 2001 - Struts 1.0 is last part of the Sunday afternoon lesson.
</p>

</section>

</chapter></body></document>
