<?xml version="1.0" encoding="ISO-8859-1"?>
<document url="./consultants.xml">
<properties>
<author>Mike Schachter</author>
<author>Ted Husted</author>
<author>James Holmes</author>
<title>Resources - Consultants - Jakarta Struts</title>
</properties>
<body>
<chapter name="Struts Resources" href="http://husted.com/struts/resources">

<section name="Consultants">
<p>
	We no longer maintain a list of consultants at the Struts site. However,
	<a href="http://nagoya.apache.org/wiki/apachewiki.cgi?StrutsProjectPages">Struts Wiki</a> may 
	be used to list Struts consultants.
</p>

<!--
<p><b>Provided as a reference only. No endorsements given or implied.
To be listed, post a documentation enhancement request in Bugzilla.</b></p>
<p><b><font color="red">Pages linked here must specifically
mention Struts consulting and be links to corporations. Listings that do not reference Struts will be
removed.</font></b></p>
-->

<!--
<p><a href="http://www.accessdc.com/">AccessData</a> - <a href="mailto:cassenza@Accessdc.com">Chris Assenza</a>.</p>
<p><a href="http://www.aragost.com">aragost (Switzerland)</a> - <a href="mailto:klaus@aragost.com">Klaus Bucka-Lassen</a>.</p>
<p><a href="http://www.athensgroup.com/">Athens Group</a> - <a href="mailto:flawlor@athensgroup.com">Frank Lawlor</a>.</p>
<p><a href="http://www.basebeans.com/">Basebeans Engineering</a> - <a href="mailto:vic@basebeans.com">Vic Cekvenich</a>.</p>
<p><a href="http://www.blackbear.com/software.html">Black Bear Software</a> - <a href="mailto:turner@blackbear.com">James Turner</a>.</p>
<p><a href="http://www.bluefish.se/">Bluefish</a> - <a href="mailto:torben.norling@bluefish.se">Torben Norling</a>.</p>
<p><a href="http://www.bravepoint.com">Bravepoint</a> - <a href="mailto:struts@bravepoint.com">Struts Info</a>.</p>
<p><a href="http://www.browsersoft.com">Browsersoft</a> - <a href="mailto:robert@browsersoft.com">Robert McIntosh</a>.</p>
<p><a href="http://www.creatrixs.com">Creatrix</a> - <a href="mailto:sami.elhini@creatrixs.com">sami.elhini@creatrixs.com</a>.</p>
<p><a href="http://www.caraveltech.com/struts/">Caravel Technologies</a> - <a href="mailto:wchao@caraveltech.com">Wellie Chao</a>.</p>
<p><a href="http://www.chikli.com/training_support.html">Chikli Consulting LLC</a> - <a href="mailto:nayan@chikli.com">Nayan Hajratwala</a>.</p>
<p><a href="http://www.christopherbenson.com">Christopher Benson</a> - <a href="mailto:benson@mindspring.com"> Christopher Benson</a>.</p>
<p><a href="http://www.differentum.com">Differentum</a> - <a href="mailto:info@differentum.com">Sanjay Sharma</a>.</p>
<p><a href="http://www.eblox.com/">eBlox</a> - <a href="mailto:andrewb@eblox.com">andrewb@eblox.com</a>.</p>
<p><a href="http://www.etmint.com">ETM International</a> - <a href="mailto:mathias.bogaert@etmint.com">mathias.bogaert@etmint.com</a></p>
<p><a href="http://www.sqli.com/">Groupe SQLI</a> - <a href="mailto:sdiaz@sqli.com">Sebastien DIAZ</a></p>
<p><a href="http://www.husted.com/about/services">Husted dot Com</a> - <a href="mailto:ted@husted.com">Ted Husted</a>.</p>
<p><a href="http://www.iontos.de">iontos</a></p>
<p><a href="http://www.improve.fr">Improve</a> - <a href="mailto:didier.girard@improve.fr">Didier Girard</a></p>
<p><a href="http://www.intelixinc.com">Intelix Inc.</a> - <a href="mailto:sales@intelixinc.com">Richard Bowers </a></p>
<p><a href="http://www.indaco.net/">Indaco Informatica</a> - <a href="mailto:massimo@ino.it">Massimo Vassalli</a>.</p>
<p><a href="http://www.jatec.ch"><font size="1">JATEC AG</font></a> - <a href="mailto:sascha.urfer@jatec.net">Sascha Urfer</a>.</p>
<p><a href="http://www.jcorporate.com">jCorporate</a> - <a href="mailto:scann@jcorporate.com">Sandra Cann</a>.</p>
<p><a href="http://www.jdtangney.com/">JD Tangney and Associates</a> - <a href="mailto:johnt@jdtangney.com">John Tangney</a>.</p>
<p><a href="http://www.kambrium.net/">Kambrium.net Technologies</a> - <a href="mailto:struts@kambrium.net">Dirk Gabler</a>.</p>
<p><a href="http://www.livinglogic.de/">Living Logic</a> - <a href="mailto:matthias.bauer@livinglogic.de">Matthias Bauer</a>.</p>
<p><a href="http://www.logicden.com/">LogicDen</a> - <a href="mailto:ajoseph@logicden.com">Antony Joseph</a>.</p>
<p><a href="http://www.multitask.com.au/">Multitask Consulting</a> - <a href="dion@multitask.com.au">dIon Gillard</a><a href="dion@multitask.com.au">.</a></p>
<p><a href="http://www.neosllc.com">Neos - </a> - <a href="mailto:rnocera@neosllc.com">Robert Nocera</a>.</p>
<p><a href="http://www.newparticles.com/struts">New Particles</a> - <a href="mailto:steve@newparticles.com">Steve Wilkinson</a>.</p>
<p><a href="http://www.norsys.fr/">Norsys</a> - <a href="mailto:edubar@norsys.fr">Edwige Dubar</a> or <a href="mailto:trecloux@norsys.fr">Thomas Recloux</a>.</p>
<p><a href="http://www.nvisia.com/struts">nVISIA</a> - <a href="mailto:rpeterson@nvisia.com">Rob Peterson</a>.</p>
<p><a href="http://www.objectwave.com">ObjectWave Corp.</a> - <a href="mailto:info@objectwave.com">info@objectwave.com</a></p>
<p><a href="http://www.openwide.fr/offre_applis.html">Openwide</a> - <a href="mailto:fabrice.dewasmes@openwide.fr">Fabrice Deswasmes</a></p>
<p><a href="http://www.orbeon.com/">Orbeon</a> - <a href="mailto:gbouzeid@orbeon.com">Gilbert Bouzeid</a>.</p>
<p><a href="http://www.oio.de/struts-consulting.htm">Orientation in Objects (Germany)</a> - <a href="mailto:bayer@oio.de">Thomas Bayer</a>.</p>
<p><a href="http://www.projectrefinery.com">Project Refinery</a> - <a href="mailto:jsmith@projectrefinery.com"> Jason Smith</a></p>
<p><a href="http://www.raibledesigns.com/">Raible Designs</a> - <a href="mailto:matt_raible@yahoo.com">Matt Raible</a>.</p>
<p><a href="http://www.runtime-collective.com">Runtime Collective (UK, Canada, Switzerland, Brazil)</a> - <a href="mailto:steve@runtime-collective.com">Steve Crossan</a></p>
<p><a href="http://www.sbti.com/">Segue Solutions</a>  - <a href="mailto:jthomas@segue.biz">John J. Thomas</a>.</p>
<p><a href="http://www.scioworks.com/">Scioworks Technologies [Singapore]</a>  - <a href="mailto:info@scioworks.com">info@scioworks.com</a>.</p>
<p><a href="http://www.sharedskills.com/">Shared Skills Ltd (UK)</a> - <a href="mailto:mike.way@sharedskills.com">Mike Way</a>.</p>
<p><a href="http://softwareMentor.com/">SoftwareMentor</a> - <a href="mailto:tim@softwareMentor.com">Tim Biernat</a>.</p>
<p><a href="http://www.solutionarray.com/">Solution Array</a> - <a href="mailto:chkmiec@hotmail.com">Chris Kmiec</a>.</p>
<p><a href="http://www.connection.se/">Swedish Connection</a> - <a href="mailto:micke@connection.se">Mikael Eriksson</a>.</p>
<p><a href="http://www.sysdeo.com">Sysdeo [FR]</a> - <a href="mailto:abuisine@sysdeo.com"> Arnaud Buisine</a>.</p>
<p><a href="http://www.tallan.com/">Tallan</a> - <a href="mailto:michael.grassotti@tallan.com">Michael Grassotti</a>.</p>
<p><a href="http://www.thales-is.ch/">Thalles Information Services</a> - <a href="mailto:markus.colombo@thales-is.ch">Markus Collumbo</a>.</p>
<p><a href="http://www.tngtech.de/">TNGtech</a> - <a href="mailto:henrik.klagges@tngtech.com">Henrik Klagges</a>.</p>
<p><a href="http://www.upco.co.uk">Upco [UK]</a> - <a href="mailto:Jon.Ridgway@upco.co.uk">Jon Ridgeway</a>.</p>
<p><a href="http://www.viadee.de/">viadee <font size="1">UNTERNEHMENSBERATUNG GmbH</font> [DE]</a> - <a href="mailto:friedrich.budde@viadee.de">Frido Budde</a>.</p>
<p><a href="http://www.tritus.ca/">Tritus Consultant Group</a> - <a href="adam@tritus.ca">Adam Sherman</a>.</p>
-->
</section>

</chapter></body></document>
