<?xml version="1.0" encoding="ISO-8859-1"?>
<document url="./enabling.xml">
<properties>
<author>Mike Schachter</author>
<author>Ted Husted</author>
<author>James Holmes</author>
<title>Resources - Enabling Technologies - Jakarta Struts</title>
</properties>
<body> 
<chapter name="Struts Resources" href="http://husted.com/struts/resources"> 

<section name="Enabling Technologies"> 
<p><b>Sun technologies</b></p>
<p><a href="http://java.sun.com/products/servlet/download.html">Java Servlet API</a></p>
<p><a href="http://java.sun.com/products/jsp/technical.html">JavaServer Pages</a></p>
<p><a href="http://java.sun.com/products/javabeans/docs/">JavaBeans</a></p>
<p><a href="http://java.sun.com/products/jsp/technical.html">JSP Tag Libraries</a>
<ul><li><a href="http://jakarta.apache.org/taglibs/doc/jsptl-doc/intro.html">JavaServer Pages Standard Tag Library (JSTL) Early Release</a></li></ul>
</p>
<p><a href="http://jcp.org/jsr/detail/127.jsp">JavaServer Faces JSR</a>
<ul><li><a href="http://servlet.java.sun.com/javaone/sf2002/conf/sessions/display-1697.en.jsp">JavaServer Faces JavaOne Presentation</a></li></ul>
</p>
<p><a href="http://java.sun.com/j2ee/blueprints/">Java2 Enterprise Edition (J2EE) Blueprints</a></p>
<p><a href="http://java.sun.com/j2se/1.3/docs/guide/jdbc/index.html">JDBC API Documentation</a></p>
<p><a href="http://java.sun.com/products/jaas/index-10.html">Java Authentication and Authorization Service</a> (JAAS)</p>

<p><b>Internet technologies</b></p>
<p><a href="http://www.w3.org/MarkUp/">HyperText Markup Language (HTML)</a> (w3c)
<ul><li><a href="http://www.w3.org/TR/html4/">HTML 4.01 Specification</a></li></ul>
<ul><li><a href="http://www.w3.org/TR/xhtml1/">Extensible HyperText Markup Language (XHMTL)</a></li></ul>
</p>

<p><a href="http://www.ietf.org/rfc/rfc2396.txt">Uniform Resource Identifiers (URI): Generic Syntax</a>
<ul><li><a href="http://www.w3.org/Addressing/#9808uri">Naming and Addressing: URIs, URLs, ...</a></li></ul>
</p>
<p><a href="ftp://ftp.isi.edu/in-notes/rfc2616.txt">Hypertext Transfer Protocol -- HTTP/1.1</a>
<ul>
<li><a href="ftp://ftp.isi.edu/in-notes/rfc2617.txt">HTTP Authentication: Basic and Digest Access Authentication</a></li>
<li><a href="ftp://ftp.isi.edu/in-notes/rfc2660.txt">The Secure HyperText Transfer Protocol</a></li>
<li><a href="ftp://ftp.isi.edu/in-notes/rfc2936.txt">HTTP MIME Type Handler Detection</a></li>
<li><a href="ftp://ftp.isi.edu/in-notes/rfc2854.txt">The 'text/html' Media Type</a></li>
</ul>
</p>
<p><a href="ftp://ftp.isi.edu/in-notes/rfc2518.txt">WebDAV: HTTP Extensions for Distributed Authoring RFC</a>
<ul>
<li><a href="http://www.ics.uci.edu/pub/ietf/webdav/intro/webdav_intro.pdf">WebDAV: IETF Standard for Collaborative Authoring on the Web (pdf)</a></li>
<li><a href="http://jakarta.apache.org/slide/index.html">Jakarta Slide</a></li>
</ul>
</p>


<p><b>Other standard technologies</b></p>
<p><a href="http://jakarta.apache.org/regexp/apidocs/org/apache/regexp/RE.html">Regular Expressions</a> (Struts Validator)
<ul>
<li><a href="http://developer.java.sun.com/developer/JDCTechTips/2002/tt0423.html">JDC Tech Tip - Pattern Matching</a></li>
<li><a href="http://etext.lib.virginia.edu/helpsheets/regex.html">Using Regular Expressions by Stephen Ramsey</a></li>
</ul>
</p>


<p><b>Other indices</b></p>
<p><a href="http://www.rfc-editor.org/"><b>RFC Editor (index)</b></a></p>
<p><a href="http://jcp.org/jsr/overview/index.jsp"><b>JSR Index</b></a></p>
</section>

</chapter></body></document>
