<?xml version="1.0" encoding="ISO-8859-1"?>
<document url="./hosts.xml">
<properties>
<author>Mike Schachter</author>
<author>Ted Husted</author>
<author>James Holmes</author>
<title>Resources - Java / Struts ISP - Jakarta Struts</title>
</properties>
<body> 
<chapter name="Struts Resources" href="http://husted.com/struts/resources"> 

<section name="Java / Struts ISPs">
<p><b>Provided as a reference only. No endorsements given or implied. To be listed, post a documentation enhancement request in Bugzilla.</b></p>
<p><a href="http://www.aoindustries.com/servlet/com.aoindustries.website.HomePage"><b>AO Industries</b></a></p>
<p><a href="http://www.cqhost.com/"><b>CQhost</b></a></p>
<p><a href="http://www.digitalspace.net/">DigitalSpace</a></p>
<p><a href="http://www.eryxma.com/"><b>Eryxma</b></a></p>
<p><a href="http://www.hostjsp.com"><b>host<font size="-1">JSP</font>.com</b></a></p>
<p><a href="http://www.imagineis.com"><b>Imagine Internet Services</b></a></p>
<p><a href="http://www.indaco.net"><b>Indaco Informatica</b></a></p>
<p><a href="http://www.infinitehost.com/"><b>Infinite Host</b></a></p>
<p><a href="http://www.irdesign.com/services/hosting/website_hosting.html"><b>irdesign.com</b></a></p>
<p><a href="http://www.kattare.com/">Kattare Internet</a></p>
<p><a href="http://www.kgbinternet.com/"><b>KGB Internet Solutions</b></a></p>    <p><a href="http://www.mmaweb.net/"><b>mma</b></a></p>
<p><a href="http://www.rackspace.com/"><b>Rackspace</b></a> (hosts JGuru)</p>
<p><a href="http://www.webappcabaret.com"><b>Web App Cabaret</b></a></p>
<p><b>For more,</b> see also <a href="http://www.webhostingratings.com/">Web Hosting Ratings</a> and <a href="http://www.servlets.com/isps/servlet/ISPViewAll">Servlet.com's ISP list</a></p>
</section>

</chapter></body></document>
