<?xml version="1.0" encoding="ISO-8859-1"?>
<document url="./powered.xml">
<properties>
<author>Mike Schachter</author>
<author>Ted Husted</author>
<author>James Holmes</author>
<title>Resources - Powered by Struts - Jakarta Struts</title>
</properties>
<body> 
<chapter name="Struts Resources" href="http://husted.com/struts/resources"> 

<section name="Powered by Struts">
<p>
	We no longer maintain a list of sites powered by Struts. However,
	<a href="http://nagoya.apache.org/wiki/apachewiki.cgi?StrutsProjectPages">Struts Wiki</a> may 
	be used to list Struts sites.
</p>

<!--
<p><b><font color="red">Pages linked here must indicate that they are "powered by Struts" 
or otherwise credit the Apache Software Foundation pursuant to item 3 of the <a href="http://apache.org/LICENSE">
Apache Software License</a> ("This product includes software developed by the Apache Software Foundation 
(http://www.apache.org/)."</font></b></p>
-->

<!--
<p><a href="http://amalregistry.webhop.org/"><b>Alaskan Malamute Registry</b></a></p>
<p><a href="http://www.basebeans.com/"><b>baseBeans Engineering</b></a></p>
<p><a href="https://secure.benefit-systems.com/benefit/bsi/"><b>Benefit Systems, Inc.</b></a></p>
<p><a href="http://www.bug-track.com/"><b>Bug-Track.com</b></a></p>
<p><a href="http://adminweb.enitel.no/login.jsp"><b>Enitel</b></a> - French site.</p>
<p><a href="http://www.fixafest.nu"><b>FixAFest.nu</b></a> - Party planning site (in Swedish Only).</p>
<p><a href="http://www.juliannegiffin.com/"><b>JulianneGiffin.com</b></a></p>
<p><a href="https://www.organox.com.br/"><b>Organonx</b></a></p>
<p><a href="http://www.raibledesigns.com/"><b>Raible Designs</b></a></p>
<p><a href="http://www.rollerweblogger.org/"><b>Roller Website</b></a></p>
<p><a href="http://www.ipayment.co.za/"><b>South African Revenue Services</b></a> - Directive and certificate service.</p>
<p><a href="http://www.citlocate.com/cit-framework/citExampleWelcome.jsp"><b>SpatialFX</b></a></p>
<p><a href="http://www.redgalleon.com/"><b>Red Galleon</b></a> - Offer aggregator.</p>
<p><a href="http://www.reviewalert.com/"><b>Review Alert</b></a> - Review notification service for monitoring reviews on Amazon.com products.</p>
<p><a href="http://www.webappcabaret.com/teatimej/"><b>TeaTimeJ</b></a> - Website and Java hosting.</p>
<p><a href="http://www.webappwriter.com/"><b>webAppWriter</b></a> - write and deploy a J2EE app in 15 minutes.</p>
<p><a href="http://www.windsurfpassion.com/"><b>WindSurfPassion</b></a> - Dedicated to windsurfing.</p>
<p><a href="http://www.yos.biz/"><b>Yos Solutions</b></a> - Struts consulting, coaching and workshops. (German)</p>
-->
</section>

</chapter></body></document>
