<?xml version="1.0" encoding="ISO-8859-1"?>
<project name="Struts Framework"
         href="http://jakarta.apache.org/struts"
        image="images/struts.gif">

    <title>Struts Framework</title>

    <menu name="Struts Resources">
        <item href="archives.html"  name="Archives"/>
        <item href="articles.html"    name="Articles"/>
        <item href="books.html"       name="Books"/>
        <item href="consultants.html" name="Consultants"/>
        <item href="enabling.html" name="Enabling Tech"/>
        <item href="projects.html" name="Examples"/>
        <item href="extensions.html" name="Extensions"/>
        <item href="sigs.html" name="Interest Groups"/>
        <item href="hosts.html" name="ISPs"/>
        <item href="powered.html" name="Powered by"/>
        <item href="seminars.html" name="Seminars"/>
        <item href="taglibs.html" name="Taglibs"/>
        <item href="tools.html" name="Tools (IDEs)"/>
        <item href="tutorials.html" name="Tutorials"/>
        <item href="views.html" name="Views"/>
    </menu>

    <menu name="Other Resources">
        <item href="1st.html" name="Read Me First"/>
        <item href="related.html" name="Other Articles"/>
        <item href="related_books.html" name="Other Books"/>
        <item href="resources.html" name="Other Pages"/>
        <item href="utilities.html" name="Other Utils"/>
    </menu>

    <menu name="Quick Links">
        <item 
            name="Welcome"                 
            href="../index.html"/>
        <item 
            name="News and Status"         
            href="../news/index.html"/>
        <item 
            name="Resources *"         
            href="index.html"/>
        <item 
            name="User and Developer Guides" 
            href="../userGuide/index.html"/>
        <item 
            name="FAQs and HowTos"         
            href="../faqs/index.html"/>
    </menu>
    
</project>






