<?xml version="1.0" encoding="ISO-8859-1"?>
<document url="./related_books.xml">
<properties>
<author>Mike Schachter</author>
<author>Ted Husted</author>
<author>James Holmes</author>
<title>Resources - Other Development Books - Jakarta Struts</title>
</properties>
<body> 
<chapter name="Struts Resources" href="http://husted.com/struts/resources"> 

<section name="Other Development Books"> 
<p><b>Java Development</b></p>
<p><a href="http://www.amazon.com/exec/obidos/ISBN=193011043X/hitchhikeguidetoA/">Bitter Java</a></p>
<p><a href="http://www.amazon.com/exec/obidos/ISBN=0521777682/hitchhikeguidetoA/">Elements of Java Style</a></p>
<p><a href="http://www.amazon.com/exec/obidos/ISBN=0201310058/hitchhikeguidetoA/">Effective Java</a></p>
<p><a href="http://www.amazon.com/exec/obidos/ISBN=0130819344/hitchhikeguidetoA/">Core Java 2, Volume 2 Advanced Features</a></p>
<p><a href="http://www.amazon.com/exec/obidos/ISBN=0130819336/hitchhikeguidetoA/">Core Java 2, Volume 1 Fundamentals</a></p>

<p><b>Java Web Development</b></p>
<p><a href="http://www.amazon.com/exec/obidos/ISBN=1930110588/hitchhikeguidetoA/">Java Development with Ant</a> by Erik Hatcher and Steve Loughran <i>- To be released in July 2002</i></p>
<p><a href="http://www.amazon.com/exec/obidos/ISBN=1930110529/hitchhikeguidetoA/">JSTL in Action</a> by Shawn Bayern <i>- Released in June 2002</i></p>
<p><a href="http://www.amazon.com/exec/obidos/ISBN=0130648841/hitchhikeguidetoA/">Core J2EE Patterns</a></p>
<p><a href="http://www.amazon.com/exec/obidos/ISBN=193011009X/hitchhikeguidetoA/">JSP Tag Libraries</a></p>
<p><a href="http://www.amazon.com/exec/obidos/ISBN=1893115364/hitchhikeguidetoA/">Apache-Jakarta Tomcat by James Goodwill</a></p>
<p><a href="http://www.amazon.com/exec/obidos/ISBN=1884777996/hitchhikeguidetoA/">Web Development with JavaServer Pages 2nd Edition</a></p>
<p><a href="http://www.amazon.com/exec/obidos/ISBN=0130882488/hitchhikeguidetoA/">Core JSP</a></p>

<p><b>Software Development</b></p>
<p><a href="http://www.amazon.com/exec/obidos/ISBN=158880173X/hitchhikeguidetoA/">Open Source Development with CVS</a></p>

<p><b>Software Engineering</b></p>
<p><a href="http://www.amazon.com/exec/obidos/ISBN=0321146530/hitchhikeguidetoA/">Test Driven Development</a></p>
<p><a href="http://www.amazon.com/exec/obidos/ISBN=0321127420/hitchhikeguidetoA/">Patterns in Enterprise Application Architecturee</a> <i>- Highly recommended!</i></p>
<p><a href="http://www.amazon.com/exec/obidos/ISBN=0201485672/hitchhikeguidetoA/">Refactoring: Improving the Design of Existing Code</a> <i>- Read me second!</i></p>
<p><a href="http://www.amazon.com/exec/obidos/ISBN=0672316498/hitchhikeguidetoA/">The Inmates Are Running the Asylum: Why High Tech Products Drive Us Crazy and How To Restore The Sanity</a></p>
<p><a href="http://www.amazon.com/exec/obidos/ISBN=1884777597/hitchhikeguidetoA/">Practical Software Requirements</a></p>
<p><a href="http://www.amazon.com/exec/obidos/ISBN=1565927249/hitchhikeguidetoA/">Cathedral and the Bazaar</a></p>
<p><a href="http://www.amazon.com/exec/obidos/ISBN=0201633612/hitchhikeguidetoA/"><b>Design Patterns: Elements of Reusable Object-Orientated Software</b></a> <i>- Read me first!</i></p>
<p><a href="http://www.amazon.com/exec/obidos/ISBN=1556154844/hitchhikeguidetoA/">Code Complete</a></p>
<p><a href="http://www.amazon.com/exec/obidos/ISBN=0201835959/hitchhikeguidetoA/">Mythical Man Month: Essays on Software Engineering</a></p>
</section>

</chapter></body></document>
