<?xml version="1.0" encoding="ISO-8859-1"?>
<document url="./resources.xml">
<properties>
<author>Mike Schachter</author>
<author>Ted Husted</author>
<author>James Holmes</author>
<title>Resources - Other Resource Pages - Jakarta Struts</title>
</properties>
<body> 
<chapter name="Struts Resources" href="http://husted.com/struts/resources"> 

<section name="Other Resource Pages"> 
<p><a href="http://www.multitask.com.au/default.html?page=mtSOS"><b>Struts SOS</b> (fee-based)</a></p>
<p><a href="http://www.ingrid.org/jajakarta/struts/"><b>Japanese Translation of Struts documentation</b></a> as well as the other Jakarta projects).</p>
<p><b>Struts and Jakarta mailing lists in Japanese</b> - <a href="mailto:struts-user@freeml.com">struts-user@freeml.com</a> and <a href="mailto:jajakarta-general@jajakarta.good-day.net">jajakarta-general@jajakarta.good-day.net</a></p>
<p><a href="http://www.jguru.com/faq/home.jsp?topic=Struts"><b>JGuru FAQ</b></a></p>
<p><a href="http://husted.com/struts/"><b>More About Struts</b></a> by <a href="mailto:support@husted.com">Husted dot Com</a>.</p>
<p><a href="http://java.sun.com/docs/books/tutorial/"><b>Javasoft Tutorials</b></a></p>
<p><a href="http://archives.java.sun.com"><b>Javasoft Mailing Lists</b></a></p>
</section>

</chapter></body></document>
