<?xml version="1.0" encoding="ISO-8859-1"?>
<document url="./sigs.xml">
<properties>
<author>Mike Schachter</author>
<author>Ted Husted</author>
<author>James Holmes</author>
<title>Resources - Special Interest Groups - Jakarta Struts</title>
</properties>
<body> 
<chapter name="Struts Resources" href="http://husted.com/struts/resources"> 

<section name="Special Interest Groups">
<p><b>Local</b></p>
<p><a href="http://www.struts-atlanta.org/">
<b>Atlanta Struts Users Group</b></a> -  The Atlanta Struts Users Group (ASUG)
is a free, informal, all-volunteer, technically-savvy group of Atlanta Struts 
enthusiasts, professionals and zealots who keep each other informed about 
issues and innovations in the Struts Framework. Come to the meetings and 
contribute!</p>
<p><b>Online</b></p>
<p><a href="http://groups.yahoo.com/group/model_struts/"><b>Model Layer in MVC (Struts)</b></a>. </p>
<p><a href="http://www.basebeans.com:8081/mailman/listinfo/mvc-programmers"><b>MVC Programmers</b></a>. </p>
</section>

</chapter></body></document>
