<?xml version="1.0" encoding="ISO-8859-1"?>
<document url="./utilities.xml">
<properties>
<author>Mike Schachter</author>
<author>Ted Husted</author>
<author>James Holmes</author>
<title>Resources - Other Struts-Related Utilities - Jakarta Struts</title>
</properties>
<body> 
<chapter name="Struts Resources" href="http://husted.com/struts/resources"> 

<section name="Other Struts-Related Utilities">
<p><a href="http://www.basebeans.com/downloads.jsp"><b>webPIM</b></a> - Sample Struts 1.1 DB Master Detail CRUD Web App that includes Tiles, Validation, Menu, etc. and implements sample designs.</p>
<p><a href="http://edhill.its.uiowa.edu/display/"><b>The &lt;display:*> tag library</b></a></p>
<p><a href="http://dbforms.org/"><b>dbForms</b></a> - RAD framework for database applications.</p>
<p><a href="http://jsptags.com/tags/navigation/pager/"><b>Pager Tag Library</b></a> - helps generate Google and AltaVista style search result navigators. It will 
take multiple pages worth of information, dynamically split it up into page sized pieces and generate 
a browsable index. It does this in a flexible way that allows designers to give the index just about any 
look desired.</p>
</section>

</chapter></body></document>
