<?xml version="1.0" encoding="ISO-8859-1" ?>

  <service-manager>
   <process-registrations>
    <process-registration name="test"/>
    <process-registration name="another"/>
   </process-registrations>
   <service-registrations>
    <service-registration 
       name="dummy" 
       type="org.apache.struts.service.samples.DummyService">
     <process-subscription processName="test"/>
     <process-subscription processName="another"/>
    </service-registration>
    <service-registration 
       name="dummyAnother" 
       type="org.apache.struts.service.samples.DummyService">
     <process-subscription processName="test"/>
     <process-subscription processName="another"/>
    </service-registration>
   </service-registrations>
  </service-manager>
